time,X,Y,Z
2025-08-28 18:46:04.820,-0.3,-0.88,1.16
2025-08-28 18:46:04.889,-0.0,-0.85,1.15
2025-08-28 18:46:04.945,0.03,-0.84,1.16
2025-08-28 18:46:04.981,-0.03,-0.82,1.22
2025-08-28 18:46:05.014,-0.07,-0.82,1.16
2025-08-28 18:46:05.056,0.09,-0.8,1.17
2025-08-28 18:46:05.096,0.19,-0.78,1.19
2025-08-28 18:46:05.142,0.04,-0.78,1.22
2025-08-28 18:46:05.192,0.11,-0.82,1.22
2025-08-28 18:46:05.227,0.47,-0.8,1.24
2025-08-28 18:46:05.248,0.88,-0.75,1.2
2025-08-28 18:46:05.258,1.59,-0.53,1.16
2025-08-28 18:46:05.283,1.8,-0.34,1.14
2025-08-28 18:46:05.302,1.48,-0.28,1.04
2025-08-28 18:46:05.329,1.06,-0.26,1.0
2025-08-28 18:46:05.340,0.59,-0.22,0.93
2025-08-28 18:46:05.350,0.52,-0.21,0.84
2025-08-28 18:46:05.359,0.58,-0.2,0.8
2025-08-28 18:46:05.368,0.61,-0.19,0.71
2025-08-28 18:46:05.377,0.58,-0.16,0.6
2025-08-28 18:46:05.386,0.49,-0.17,0.54
2025-08-28 18:46:05.396,0.43,-0.16,0.55
2025-08-28 18:46:05.406,0.29,-0.17,0.51
2025-08-28 18:46:05.415,0.42,-0.17,0.52
2025-08-28 18:46:05.424,0.46,-0.19,0.49
2025-08-28 18:46:05.434,0.28,-0.22,0.51
2025-08-28 18:46:05.444,0.0,-0.27,0.5
2025-08-28 18:46:05.453,-0.34,-0.41,0.46
2025-08-28 18:46:05.463,-0.36,-0.5,0.42
2025-08-28 18:46:05.473,-0.08,-0.58,0.34
2025-08-28 18:46:05.483,0.29,-0.59,0.3
2025-08-28 18:46:05.491,0.3,-0.62,0.28
2025-08-28 18:46:05.500,0.01,-0.64,0.29
2025-08-28 18:46:05.510,-0.11,-0.65,0.3
2025-08-28 18:46:05.520,-0.07,-0.61,0.27
2025-08-28 18:46:05.529,0.07,-0.57,0.25
2025-08-28 18:46:05.539,0.2,-0.49,0.25
2025-08-28 18:46:05.548,0.11,-0.46,0.22
2025-08-28 18:46:05.557,0.09,-0.43,0.21
2025-08-28 18:46:05.566,-0.0,-0.41,0.17
2025-08-28 18:46:05.576,-0.13,-0.41,0.16
2025-08-28 18:46:05.585,-0.1,-0.39,0.15
2025-08-28 18:46:05.595,-0.0,-0.38,0.1
2025-08-28 18:46:05.604,0.04,-0.35,0.08
2025-08-28 18:46:05.613,-0.11,-0.32,0.07
2025-08-28 18:46:05.622,-0.27,-0.31,0.06
2025-08-28 18:46:05.632,-0.31,-0.28,0.04
2025-08-28 18:46:05.641,-0.28,-0.23,0.02
2025-08-28 18:46:05.651,-0.25,-0.17,0.03
2025-08-28 18:46:05.660,-0.23,-0.12,0.01
2025-08-28 18:46:05.670,-0.24,-0.08,-0.02
2025-08-28 18:46:05.676,-0.22,-0.05,-0.06
2025-08-28 18:46:05.679,-0.2,-0.01,-0.08
2025-08-28 18:46:05.681,-0.22,-0.0,-0.09
2025-08-28 18:46:05.683,-0.17,0.0,-0.09
2025-08-28 18:46:05.686,-0.08,0.03,-0.1
2025-08-28 18:46:05.688,-0.07,0.05,-0.07
2025-08-28 18:46:05.696,-0.11,0.09,0.0
2025-08-28 18:46:05.704,-0.12,0.11,0.07
2025-08-28 18:46:05.714,-0.12,0.09,0.12
2025-08-28 18:46:05.723,-0.01,0.08,0.17
2025-08-28 18:46:05.732,-0.0,0.02,0.2
2025-08-28 18:46:05.742,-0.06,-0.05,0.22
2025-08-28 18:46:05.752,-0.11,-0.11,0.21
2025-08-28 18:46:05.761,-0.05,-0.15,0.22
2025-08-28 18:46:05.770,-0.0,-0.2,0.25
2025-08-28 18:46:05.780,0.05,-0.25,0.31
2025-08-28 18:46:05.789,0.05,-0.27,0.36
2025-08-28 18:46:05.811,-0.04,-0.27,0.43
2025-08-28 18:46:05.820,-0.1,-0.28,0.46
2025-08-28 18:46:05.829,-0.04,-0.28,0.45
2025-08-28 18:46:05.839,0.06,-0.27,0.43
2025-08-28 18:46:05.849,0.05,-0.28,0.43
2025-08-28 18:46:05.858,-0.07,-0.29,0.43
2025-08-28 18:46:05.867,-0.13,-0.31,0.37
2025-08-28 18:46:05.876,0.01,-0.31,0.32
2025-08-28 18:46:05.886,0.11,-0.32,0.27
2025-08-28 18:46:05.895,0.05,-0.36,0.26
2025-08-28 18:46:05.905,-0.1,-0.49,0.24
2025-08-28 18:46:05.913,0.14,-0.58,0.16
2025-08-28 18:46:05.918,0.56,-0.7,0.04
2025-08-28 18:46:05.919,0.51,-0.86,0.05
2025-08-28 18:46:05.921,0.03,-0.97,0.01
2025-08-28 18:46:05.922,-0.04,-1.01,-0.07
2025-08-28 18:46:05.924,0.1,-1.05,-0.17
2025-08-28 18:46:05.925,0.09,-1.13,-0.23
2025-08-28 18:46:05.926,-0.18,-1.16,-0.26
2025-08-28 18:46:05.928,-0.48,-1.24,-0.4
2025-08-28 18:46:05.929,-0.24,-1.29,-0.51
2025-08-28 18:46:05.930,-0.22,-1.38,-0.69
2025-08-28 18:46:05.932,-0.64,-1.51,-0.86
2025-08-28 18:46:05.933,-0.99,-1.56,-1.08
2025-08-28 18:46:05.934,-0.8,-1.67,-1.41
2025-08-28 18:46:06.001,-0.55,-1.74,-1.66
2025-08-28 18:46:06.008,-0.82,-1.72,-1.83
2025-08-28 18:46:06.013,-1.42,-1.65,-2.14
2025-08-28 18:46:06.019,-1.98,-1.46,-2.21
2025-08-28 18:46:06.026,-2.55,-1.29,-2.41
2025-08-28 18:46:06.079,-3.17,-1.03,-2.59
2025-08-28 18:46:06.085,-3.8,-0.62,-2.63
2025-08-28 18:46:06.087,-4.18,-0.3,-2.57
2025-08-28 18:46:06.115,-4.58,0.01,-2.61
2025-08-28 18:46:06.127,-4.56,0.36,-2.61
2025-08-28 18:46:06.180,-4.14,0.63,-2.36
2025-08-28 18:46:06.187,-3.87,0.9,-2.09
2025-08-28 18:46:06.192,-3.19,0.99,-1.85
2025-08-28 18:46:06.218,-2.47,1.15,-1.69
2025-08-28 18:46:06.225,-2.24,1.33,-1.54
2025-08-28 18:46:06.267,-2.37,1.37,-1.29
2025-08-28 18:46:06.273,-2.74,1.47,-0.91
2025-08-28 18:46:06.323,-3.24,1.54,-0.88
2025-08-28 18:46:06.329,-3.9,1.54,-1.19
2025-08-28 18:46:06.336,-3.08,1.14,-0.71
2025-08-28 18:46:06.380,-2.48,0.77,-0.6
2025-08-28 18:46:06.387,-2.26,0.46,-0.17
2025-08-28 18:46:06.392,-1.6,0.09,-0.04
2025-08-28 18:46:06.437,-0.47,0.09,-0.04
2025-08-28 18:46:06.444,0.22,0.11,-0.14
2025-08-28 18:46:06.447,0.63,0.12,-0.15
2025-08-28 18:46:06.467,0.81,0.06,-0.1
2025-08-28 18:46:06.485,0.51,0.07,0.0
2025-08-28 18:46:06.521,0.3,0.07,0.01
2025-08-28 18:46:06.526,0.31,0.06,0.05
2025-08-28 18:46:06.554,0.28,0.07,0.07
2025-08-28 18:46:06.587,0.25,0.0,0.05
2025-08-28 18:46:06.592,0.2,-0.02,0.05
2025-08-28 18:46:06.614,0.09,-0.01,0.03
2025-08-28 18:46:06.627,0.01,0.0,0.01
2025-08-28 18:46:06.645,-0.04,-0.02,-0.0
2025-08-28 18:46:06.661,-0.05,-0.05,-0.0
2025-08-28 18:46:06.688,-0.03,-0.03,-0.02
2025-08-28 18:46:06.702,-0.0,-0.04,-0.06
2025-08-28 18:46:06.723,-0.02,-0.02,-0.06
2025-08-28 18:46:06.740,-0.09,-0.04,-0.03
2025-08-28 18:46:06.760,-0.17,-0.06,-0.0
2025-08-28 18:46:06.781,-0.23,-0.1,0.01
2025-08-28 18:46:06.803,-0.27,-0.09,0.03
2025-08-28 18:46:06.820,-0.3,-0.1,0.0
2025-08-28 18:46:06.840,-0.28,-0.06,-0.02
2025-08-28 18:46:06.861,-0.29,-0.09,-0.0
2025-08-28 18:46:06.884,-0.37,-0.11,-0.02
2025-08-28 18:46:06.906,-0.55,-0.1,-0.01
2025-08-28 18:46:06.926,-0.8,-0.11,0.0
2025-08-28 18:46:06.941,-1.14,-0.12,0.0
2025-08-28 18:46:06.961,-1.54,-0.13,0.0
2025-08-28 18:46:06.984,-2.12,-0.22,0.04
2025-08-28 18:46:07.003,-2.44,-0.27,0.06
2025-08-28 18:46:07.022,-2.59,-0.29,0.08
2025-08-28 18:46:07.044,-2.55,-0.3,0.04
2025-08-28 18:46:07.073,-2.31,-0.3,0.0
2025-08-28 18:46:07.086,-2.1,-0.31,-0.1
2025-08-28 18:46:07.106,-1.59,-0.3,-0.16
2025-08-28 18:46:07.121,-0.92,-0.28,-0.15
2025-08-28 18:46:07.141,-0.39,-0.15,-0.17
2025-08-28 18:46:07.162,-0.29,-0.01,-0.2
2025-08-28 18:46:07.187,-0.29,0.17,-0.15
2025-08-28 18:46:07.204,-0.25,0.33,-0.04
2025-08-28 18:46:07.221,-0.15,0.38,0.02
2025-08-28 18:46:07.248,-0.03,0.26,0.11
2025-08-28 18:46:07.266,0.0,0.11,0.15
2025-08-28 18:46:07.293,-0.01,0.06,0.17
2025-08-28 18:46:07.304,-0.13,0.07,0.16
2025-08-28 18:46:07.322,-0.18,0.04,0.1
2025-08-28 18:46:07.342,-0.22,-0.05,0.1
2025-08-28 18:46:07.364,-0.23,-0.12,0.05
2025-08-28 18:46:07.388,-0.04,-0.07,-0.02
2025-08-28 18:46:07.403,0.09,-0.06,-0.08
2025-08-28 18:46:07.421,0.08,-0.1,-0.07
2025-08-28 18:46:07.442,-0.07,-0.14,-0.05
2025-08-28 18:46:07.462,-0.1,-0.14,-0.0
2025-08-28 18:46:07.490,-0.07,-0.07,0.03
2025-08-28 18:46:07.502,0.15,0.01,0.05
2025-08-28 18:46:07.522,0.29,0.07,0.08
2025-08-28 18:46:07.542,0.25,0.12,0.09
2025-08-28 18:46:07.562,0.05,0.12,0.04
2025-08-28 18:46:07.586,-0.09,0.1,-0.01
2025-08-28 18:46:07.602,-0.18,0.09,-0.06
2025-08-28 18:46:07.621,-0.13,0.13,-0.04
2025-08-28 18:46:07.641,0.01,0.21,-0.02
2025-08-28 18:46:07.663,0.18,0.29,0.0
2025-08-28 18:46:07.691,0.24,0.34,0.03
2025-08-28 18:46:07.701,0.13,0.4,0.05
2025-08-28 18:46:07.722,-0.05,0.43,0.02
2025-08-28 18:46:07.742,-0.18,0.4,-0.02
2025-08-28 18:46:07.762,-0.24,0.31,-0.08
2025-08-28 18:46:07.788,-0.28,0.23,-0.12
2025-08-28 18:46:07.803,-0.21,0.19,-0.17
2025-08-28 18:46:07.823,-0.08,0.19,-0.18
2025-08-28 18:46:07.846,-0.05,0.21,-0.13
2025-08-28 18:46:07.869,-0.05,0.22,-0.05
2025-08-28 18:46:07.883,0.0,0.22,0.01
2025-08-28 18:46:07.903,0.09,0.22,0.06
2025-08-28 18:46:07.921,0.18,0.21,0.09
2025-08-28 18:46:07.942,0.25,0.25,0.08
2025-08-28 18:46:07.963,0.24,0.27,0.07
2025-08-28 18:46:07.988,0.11,0.28,0.05
2025-08-28 18:46:08.004,0.03,0.25,0.01
2025-08-28 18:46:08.022,0.05,0.17,-0.02
2025-08-28 18:46:08.042,0.14,0.11,-0.04
2025-08-28 18:46:08.062,0.22,0.13,-0.03
2025-08-28 18:46:08.088,0.25,0.15,-0.03
2025-08-28 18:46:08.102,0.11,0.13,-0.07
2025-08-28 18:46:08.122,-0.02,0.07,-0.09
2025-08-28 18:46:08.144,-0.11,-0.0,-0.14
2025-08-28 18:46:08.171,-0.11,-0.04,-0.18
2025-08-28 18:46:08.183,-0.15,-0.09,-0.18
2025-08-28 18:46:08.203,-0.33,-0.1,-0.17
2025-08-28 18:46:08.222,-0.37,-0.06,-0.12
2025-08-28 18:46:08.242,-0.24,0.02,-0.07
2025-08-28 18:46:08.268,-0.05,0.08,-0.04
2025-08-28 18:46:08.283,0.05,0.13,-0.0
2025-08-28 18:46:08.303,0.08,0.19,0.04
2025-08-28 18:46:08.324,0.05,0.19,0.08
2025-08-28 18:46:08.327,0.05,0.18,0.08
2025-08-28 18:46:08.345,0.04,0.1,0.07
2025-08-28 18:46:08.373,0.03,0.05,0.06
2025-08-28 18:46:08.385,0.04,0.01,0.06
2025-08-28 18:46:08.406,0.01,-0.05,0.08
2025-08-28 18:46:08.426,-0.03,-0.1,0.06
2025-08-28 18:46:08.446,-0.08,-0.12,0.06
2025-08-28 18:46:08.468,-0.14,-0.09,0.05
2025-08-28 18:46:08.485,-0.18,-0.08,0.05
2025-08-28 18:46:08.505,-0.23,-0.09,0.03
2025-08-28 18:46:08.525,-0.29,-0.11,0.02
2025-08-28 18:46:08.554,-0.36,-0.13,0.01
2025-08-28 18:46:08.565,-0.37,-0.14,0.0
2025-08-28 18:46:08.584,-0.39,-0.17,-0.0
2025-08-28 18:46:08.606,-0.38,-0.19,-0.0
2025-08-28 18:46:08.628,-0.32,-0.11,-0.0
2025-08-28 18:46:08.654,-0.21,-0.03,0.0
2025-08-28 18:46:08.664,-0.08,0.04,0.03
2025-08-28 18:46:08.684,0.02,0.06,0.09
2025-08-28 18:46:08.705,0.0,0.04,0.11
2025-08-28 18:46:08.725,-0.0,0.07,0.14
2025-08-28 18:46:08.754,0.25,0.08,0.16
2025-08-28 18:46:08.765,0.39,0.09,0.18
2025-08-28 18:46:08.786,0.42,0.1,0.2
2025-08-28 18:46:08.806,0.71,0.1,0.13
2025-08-28 18:46:08.826,1.02,0.15,0.14
2025-08-28 18:46:08.853,0.7,0.17,0.14
2025-08-28 18:46:08.866,0.04,0.19,0.11
2025-08-28 18:46:08.886,-0.29,0.14,0.15
2025-08-28 18:46:08.906,-0.27,0.06,0.13
2025-08-28 18:46:08.927,-0.17,0.08,0.1
2025-08-28 18:46:08.951,-0.4,0.07,0.08
2025-08-28 18:46:08.966,-0.48,0.1,0.06
2025-08-28 18:46:08.986,-0.55,0.1,0.05
2025-08-28 18:46:09.007,-0.49,0.08,0.05
2025-08-28 18:46:09.027,-0.51,0.05,0.02
2025-08-28 18:46:09.053,-0.64,0.07,0.0
2025-08-28 18:46:09.066,-0.61,0.17,-0.01
2025-08-28 18:46:09.087,-0.29,0.19,-0.0
2025-08-28 18:46:09.110,-0.02,0.22,0.0
2025-08-28 18:46:09.140,0.05,0.21,0.01
2025-08-28 18:46:09.146,-0.12,0.17,0.01
2025-08-28 18:46:09.166,-0.15,0.15,0.06
2025-08-28 18:46:09.187,-0.05,0.14,0.07
2025-08-28 18:46:09.207,0.07,0.1,0.08
2025-08-28 18:46:09.226,0.02,0.09,0.08
2025-08-28 18:46:09.251,-0.1,0.15,0.05
2025-08-28 18:46:09.269,-0.04,0.14,-0.0
2025-08-28 18:46:09.287,0.05,0.12,-0.03
2025-08-28 18:46:09.307,0.09,0.08,0.02
2025-08-28 18:46:09.335,0.15,0.15,0.1
2025-08-28 18:46:09.347,0.08,0.16,0.05
2025-08-28 18:46:09.367,-0.07,0.14,-0.02
2025-08-28 18:46:09.387,-0.03,0.04,-0.01
2025-08-28 18:46:09.408,0.07,-0.03,-0.01
2025-08-28 18:46:09.433,0.19,-0.05,-0.02
2025-08-28 18:46:09.448,0.2,-0.01,-0.01
2025-08-28 18:46:09.467,0.11,-0.02,0.0
2025-08-28 18:46:09.487,-0.07,-0.04,-0.02
2025-08-28 18:46:09.507,-0.09,-0.02,-0.06
2025-08-28 18:46:09.530,0.19,-0.02,-0.05
2025-08-28 18:46:09.547,0.37,0.03,-0.01
2025-08-28 18:46:09.568,0.27,0.02,0.04
2025-08-28 18:46:09.591,0.01,-0.06,0.07
2025-08-28 18:46:09.617,-0.05,-0.16,0.08
2025-08-28 18:46:09.632,-0.01,-0.2,0.06
2025-08-28 18:46:09.647,0.09,-0.22,0.04
2025-08-28 18:46:09.667,-0.01,-0.2,0.02
2025-08-28 18:46:09.688,-0.19,-0.15,0.05
2025-08-28 18:46:09.708,-0.35,-0.1,0.01
2025-08-28 18:46:09.735,-0.3,-0.03,-0.05
2025-08-28 18:46:09.750,0.04,-0.01,-0.1
2025-08-28 18:46:09.767,0.1,0.0,-0.08
2025-08-28 18:46:09.788,-0.02,0.08,-0.02
2025-08-28 18:46:09.817,-0.04,0.14,-0.0
2025-08-28 18:46:09.829,0.06,0.1,-0.06
2025-08-28 18:46:09.847,0.07,0.11,-0.07
2025-08-28 18:46:09.868,0.08,0.13,-0.04
2025-08-28 18:46:09.889,0.07,0.11,-0.04
2025-08-28 18:46:09.917,-0.01,0.07,-0.06
2025-08-28 18:46:09.927,-0.09,0.06,-0.09
2025-08-28 18:46:09.948,-0.14,0.06,-0.07
2025-08-28 18:46:09.969,-0.07,0.08,-0.03
2025-08-28 18:46:09.990,0.02,0.05,-0.03
2025-08-28 18:46:10.016,0.17,0.0,-0.04
2025-08-28 18:46:10.029,0.3,0.0,-0.03
2025-08-28 18:46:10.047,0.29,0.06,0.01
2025-08-28 18:46:10.070,0.25,0.06,0.06
2025-08-28 18:46:10.090,0.17,0.05,0.08
2025-08-28 18:46:10.114,0.15,0.02,0.07
2025-08-28 18:46:10.130,0.25,0.02,0.08
2025-08-28 18:46:10.149,0.36,0.04,0.1
2025-08-28 18:46:10.169,0.38,0.01,0.13
2025-08-28 18:46:10.189,0.32,-0.02,0.14
2025-08-28 18:46:10.219,0.29,-0.03,0.17
2025-08-28 18:46:10.230,0.36,-0.01,0.15
2025-08-28 18:46:10.249,0.42,-0.02,0.14
2025-08-28 18:46:10.269,0.42,0.0,0.16
2025-08-28 18:46:10.290,0.39,0.02,0.19
2025-08-28 18:46:10.314,0.37,0.02,0.2
2025-08-28 18:46:10.330,0.41,0.03,0.22
2025-08-28 18:46:10.349,0.41,0.08,0.22
2025-08-28 18:46:10.370,0.37,0.13,0.23
2025-08-28 18:46:10.392,0.29,0.17,0.22
2025-08-28 18:46:10.414,0.27,0.16,0.22
2025-08-28 18:46:10.431,0.32,0.11,0.19
2025-08-28 18:46:10.449,0.37,0.08,0.17
2025-08-28 18:46:10.469,0.41,0.05,0.17
2025-08-28 18:46:10.490,0.37,0.06,0.15
2025-08-28 18:46:10.514,0.37,0.07,0.16
2025-08-28 18:46:10.531,0.36,0.1,0.15
2025-08-28 18:46:10.553,0.41,0.18,0.15
2025-08-28 18:46:10.569,0.48,0.22,0.15
2025-08-28 18:46:10.590,0.6,0.27,0.15
2025-08-28 18:46:10.614,0.65,0.3,0.15
2025-08-28 18:46:10.630,0.65,0.33,0.16
2025-08-28 18:46:10.649,0.54,0.37,0.15
2025-08-28 18:46:10.671,0.37,0.4,0.14
2025-08-28 18:46:10.695,0.21,0.4,0.13
2025-08-28 18:46:10.712,0.11,0.38,0.1
2025-08-28 18:46:10.731,-0.01,0.31,0.06
2025-08-28 18:46:10.751,-0.12,0.19,0.03
2025-08-28 18:46:10.771,-0.21,0.03,-0.04
2025-08-28 18:46:10.798,-0.27,-0.14,-0.1
2025-08-28 18:46:10.811,-0.37,-0.22,-0.14
2025-08-28 18:46:10.830,-0.39,-0.25,-0.2
2025-08-28 18:46:10.853,-0.38,-0.21,-0.2
2025-08-28 18:46:10.874,-0.22,-0.08,-0.1
2025-08-28 18:46:10.895,-0.04,0.0,-0.02
2025-08-28 18:46:10.911,0.31,0.15,0.13
2025-08-28 18:46:10.930,0.45,0.21,0.18
2025-08-28 18:46:10.951,0.41,0.18,0.17
2025-08-28 18:46:10.972,0.24,0.09,0.12
2025-08-28 18:46:10.996,0.05,0.0,0.04
2025-08-28 18:46:11.012,-0.11,-0.07,-0.05
2025-08-28 18:46:11.032,-0.21,-0.14,-0.09
2025-08-28 18:46:11.050,-0.3,-0.19,-0.12
2025-08-28 18:46:11.071,-0.35,-0.24,-0.11
2025-08-28 18:46:11.100,-0.32,-0.26,-0.09
2025-08-28 18:46:11.109,-0.26,-0.22,-0.09
2025-08-28 18:46:11.130,-0.21,-0.17,-0.07
2025-08-28 18:46:11.150,-0.22,-0.11,-0.08
2025-08-28 18:46:11.172,-0.28,-0.06,-0.09
2025-08-28 18:46:11.198,-0.36,-0.05,-0.09
2025-08-28 18:46:11.209,-0.37,-0.06,-0.08
2025-08-28 18:46:11.230,-0.39,-0.09,-0.07
2025-08-28 18:46:11.251,-0.38,-0.08,-0.05
2025-08-28 18:46:11.270,-0.32,-0.09,-0.03
2025-08-28 18:46:11.297,-0.32,-0.11,-0.02
2025-08-28 18:46:11.310,-0.37,-0.11,-0.02
2025-08-28 18:46:11.332,-0.39,-0.04,-0.02
2025-08-28 18:46:11.354,-0.24,0.01,-0.03
2025-08-28 18:46:11.381,-0.07,0.06,-0.05
2025-08-28 18:46:11.390,0.01,0.08,-0.05
2025-08-28 18:46:11.411,0.01,0.06,-0.04
2025-08-28 18:46:11.432,-0.02,0.02,-0.03
2025-08-28 18:46:11.454,0.0,-0.0,-0.02
2025-08-28 18:46:11.480,0.04,-0.03,-0.02
2025-08-28 18:46:11.494,0.04,-0.06,-0.0
2025-08-28 18:46:11.514,0.02,-0.08,0.02
2025-08-28 18:46:11.531,0.04,-0.11,0.01
2025-08-28 18:46:11.552,0.09,-0.14,-0.0
2025-08-28 18:46:11.577,0.05,-0.11,-0.0
2025-08-28 18:46:11.591,0.04,-0.1,0.05
2025-08-28 18:46:11.611,0.04,-0.06,0.08
2025-08-28 18:46:11.632,0.09,-0.0,0.06
2025-08-28 18:46:11.653,0.31,0.0,0.03
2025-08-28 18:46:11.679,0.43,0.03,-0.0
2025-08-28 18:46:11.693,0.33,0.02,-0.02
2025-08-28 18:46:11.711,0.16,-0.0,-0.05
2025-08-28 18:46:11.732,-0.07,-0.06,-0.1
2025-08-28 18:46:11.753,-0.21,-0.12,-0.13
2025-08-28 18:46:11.777,-0.39,-0.18,-0.11
2025-08-28 18:46:11.793,-0.48,-0.2,-0.07
2025-08-28 18:46:11.812,-0.58,-0.18,-0.05
2025-08-28 18:46:11.835,-0.44,-0.12,-0.06
2025-08-28 18:46:11.864,-0.35,-0.08,-0.09
2025-08-28 18:46:11.873,-0.25,-0.05,-0.11
2025-08-28 18:46:11.892,-0.18,-0.03,-0.09
2025-08-28 18:46:11.911,-0.13,0.0,-0.05
2025-08-28 18:46:11.932,-0.06,0.02,-0.04
2025-08-28 18:46:11.953,-0.13,0.04,-0.06
2025-08-28 18:46:11.977,-0.24,0.06,-0.07
2025-08-28 18:46:11.994,-0.18,0.03,-0.08
2025-08-28 18:46:12.012,-0.06,0.04,-0.07
2025-08-28 18:46:12.032,-0.0,0.02,-0.07
2025-08-28 18:46:12.052,-0.12,0.04,-0.05
2025-08-28 18:46:12.079,-0.24,0.08,-0.07
2025-08-28 18:46:12.091,-0.23,0.0,-0.12
2025-08-28 18:46:12.112,-0.17,-0.14,-0.15
2025-08-28 18:46:12.133,-0.12,-0.12,-0.1
2025-08-28 18:46:12.154,-0.16,-0.04,-0.09
2025-08-28 18:46:12.174,-0.24,0.03,-0.09
2025-08-28 18:46:12.191,-0.09,0.09,-0.06
2025-08-28 18:46:12.212,0.17,-0.01,-0.13
2025-08-28 18:46:12.231,0.38,-0.18,-0.17
2025-08-28 18:46:12.250,0.35,-0.15,-0.15
2025-08-28 18:46:12.275,0.06,-0.07,-0.11
2025-08-28 18:46:12.292,-0.23,-0.06,-0.09
2025-08-28 18:46:12.313,-0.25,-0.09,-0.15
2025-08-28 18:46:12.330,-0.1,-0.14,-0.17
2025-08-28 18:46:12.351,-0.05,-0.09,-0.16
2025-08-28 18:46:12.371,-0.1,-0.0,-0.12
2025-08-28 18:46:12.390,-0.22,0.02,-0.09
2025-08-28 18:46:12.411,-0.34,0.04,-0.09
2025-08-28 18:46:12.432,-0.23,0.03,-0.09
2025-08-28 18:46:12.453,-0.08,0.03,-0.08
2025-08-28 18:46:12.475,-0.03,0.03,-0.05
2025-08-28 18:46:12.492,0.0,0.05,-0.05
2025-08-28 18:46:12.510,-0.02,0.05,-0.03
2025-08-28 18:46:12.533,-0.07,0.05,-0.04
2025-08-28 18:46:12.560,-0.06,0.08,-0.08
2025-08-28 18:46:12.571,0.24,0.12,-0.04
2025-08-28 18:46:12.592,0.52,0.15,0.0
2025-08-28 18:46:12.613,0.65,0.15,0.04
2025-08-28 18:46:12.635,0.41,0.14,0.06
2025-08-28 18:46:12.658,0.18,0.1,0.05
2025-08-28 18:46:12.675,0.09,0.0,0.04
2025-08-28 18:46:12.693,0.13,-0.01,0.03
2025-08-28 18:46:12.713,0.19,0.02,0.02
2025-08-28 18:46:12.733,0.18,0.07,0.03
2025-08-28 18:46:12.762,0.12,0.1,0.03
2025-08-28 18:46:12.772,0.04,0.1,0.01
2025-08-28 18:46:12.796,-0.01,0.16,0.05
2025-08-28 18:46:12.812,0.08,0.2,0.1
2025-08-28 18:46:12.833,0.23,0.19,0.15
2025-08-28 18:46:12.860,0.33,0.16,0.2
2025-08-28 18:46:12.872,0.42,0.2,0.23
2025-08-28 18:46:12.893,0.41,0.27,0.22
2025-08-28 18:46:12.913,0.3,0.32,0.21
2025-08-28 18:46:12.933,0.23,0.34,0.19
2025-08-28 18:46:12.958,0.25,0.3,0.13
2025-08-28 18:46:12.973,0.26,0.25,0.12
2025-08-28 18:46:12.993,0.3,0.22,0.13
2025-08-28 18:46:13.013,0.38,0.19,0.15
2025-08-28 18:46:13.034,0.38,0.18,0.18
2025-08-28 18:46:13.060,0.37,0.15,0.2
2025-08-28 18:46:13.074,0.4,0.1,0.19
2025-08-28 18:46:13.094,0.44,0.08,0.17
2025-08-28 18:46:13.115,0.5,0.07,0.17
2025-08-28 18:46:13.142,0.54,0.08,0.2
2025-08-28 18:46:13.155,0.57,0.11,0.23
2025-08-28 18:46:13.173,0.56,0.14,0.24
2025-08-28 18:46:13.194,0.52,0.18,0.25
2025-08-28 18:46:13.213,0.46,0.24,0.27
2025-08-28 18:46:13.234,0.45,0.27,0.28
2025-08-28 18:46:13.257,0.53,0.27,0.27
2025-08-28 18:46:13.275,0.5,0.26,0.22
2025-08-28 18:46:13.293,0.28,0.2,0.17
2025-08-28 18:46:13.313,-0.01,0.14,0.14
2025-08-28 18:46:13.333,-0.34,0.03,0.04
2025-08-28 18:46:13.356,-0.69,-0.22,-0.1
2025-08-28 18:46:13.372,-0.88,-0.52,-0.21
2025-08-28 18:46:13.393,-0.77,-0.55,-0.26
2025-08-28 18:46:13.413,-0.47,-0.36,-0.23
2025-08-28 18:46:13.438,-0.14,-0.13,-0.04
2025-08-28 18:46:13.455,0.05,0.01,0.07
2025-08-28 18:46:13.471,0.36,0.19,0.2
2025-08-28 18:46:13.494,0.5,0.24,0.22
2025-08-28 18:46:13.514,0.44,0.25,0.16
2025-08-28 18:46:13.534,0.27,0.21,0.07
2025-08-28 18:46:13.556,0.06,0.13,-0.04
2025-08-28 18:46:13.574,-0.07,0.07,-0.1
2025-08-28 18:46:13.596,-0.19,0.01,-0.1
2025-08-28 18:46:13.616,-0.26,-0.01,-0.08
2025-08-28 18:46:13.640,-0.26,-0.09,-0.07
2025-08-28 18:46:13.655,-0.24,-0.14,-0.06
2025-08-28 18:46:13.672,-0.19,-0.14,-0.05
2025-08-28 18:46:13.694,-0.17,-0.12,-0.07
2025-08-28 18:46:13.715,-0.17,-0.04,-0.09
2025-08-28 18:46:13.739,-0.18,0.01,-0.1
2025-08-28 18:46:13.757,-0.17,0.06,-0.08
2025-08-28 18:46:13.774,-0.13,0.07,-0.08
2025-08-28 18:46:13.793,-0.1,0.03,-0.09
2025-08-28 18:46:13.816,-0.16,-0.01,-0.09
2025-08-28 18:46:13.837,-0.24,-0.05,-0.09
2025-08-28 18:46:13.855,-0.26,-0.1,-0.09
2025-08-28 18:46:13.874,-0.19,-0.14,-0.09
2025-08-28 18:46:13.896,-0.04,-0.11,-0.06
2025-08-28 18:46:13.916,-0.01,-0.09,-0.04
2025-08-28 18:46:13.933,-0.02,-0.05,0.01
2025-08-28 18:46:13.953,-0.0,0.0,0.04
2025-08-28 18:46:13.976,0.08,-0.0,0.07
2025-08-28 18:46:13.993,0.15,-0.06,0.07
2025-08-28 18:46:14.013,0.09,-0.05,0.03
2025-08-28 18:46:14.038,-0.06,-0.0,0.03
2025-08-28 18:46:14.055,-0.2,-0.0,0.03
2025-08-28 18:46:14.077,-0.24,-0.12,0.0
2025-08-28 18:46:14.093,-0.2,-0.18,-0.02
2025-08-28 18:46:14.113,-0.15,-0.21,-0.05
2025-08-28 18:46:14.139,-0.21,-0.28,-0.1
2025-08-28 18:46:14.155,-0.43,-0.36,-0.18
2025-08-28 18:46:14.172,-0.55,-0.48,-0.2
2025-08-28 18:46:14.196,-0.65,-0.59,-0.21
2025-08-28 18:46:14.225,-0.61,-0.54,-0.21
2025-08-28 18:46:14.235,-0.53,-0.42,-0.26
2025-08-28 18:46:14.254,-0.43,-0.42,-0.23
2025-08-28 18:46:14.275,-0.37,-0.42,-0.18
2025-08-28 18:46:14.296,-0.23,-0.35,-0.08
2025-08-28 18:46:14.322,-0.14,-0.27,-0.02
2025-08-28 18:46:14.334,-0.18,-0.16,-0.0
2025-08-28 18:46:14.354,-0.26,-0.12,-0.04
2025-08-28 18:46:14.376,-0.27,-0.08,-0.05
2025-08-28 18:46:14.398,-0.23,-0.01,-0.03
2025-08-28 18:46:14.420,-0.32,-0.04,-0.04
2025-08-28 18:46:14.436,-0.4,-0.04,-0.06
2025-08-28 18:46:14.456,-0.38,0.0,-0.04
2025-08-28 18:46:14.475,-0.28,0.02,-0.03
2025-08-28 18:46:14.496,-0.22,-0.0,-0.04
2025-08-28 18:46:14.521,-0.17,-0.0,-0.06
2025-08-28 18:46:14.536,-0.16,0.04,-0.05
2025-08-28 18:46:14.557,-0.15,0.03,-0.04
2025-08-28 18:46:14.576,0.0,0.07,-0.03
2025-08-28 18:46:14.601,0.09,0.11,-0.02
2025-08-28 18:46:14.618,0.0,0.11,-0.0
2025-08-28 18:46:14.637,-0.1,0.06,-0.01
2025-08-28 18:46:14.655,0.0,0.02,-0.03
2025-08-28 18:46:14.676,0.21,0.01,-0.04
2025-08-28 18:46:14.697,0.25,-0.0,-0.04
2025-08-28 18:46:14.722,0.04,-0.06,-0.07
2025-08-28 18:46:14.737,-0.19,-0.1,-0.1
2025-08-28 18:46:14.756,-0.18,-0.06,-0.09
2025-08-28 18:46:14.777,0.07,0.03,-0.04
2025-08-28 18:46:14.797,0.2,0.06,-0.04
2025-08-28 18:46:14.819,0.02,0.04,-0.02
2025-08-28 18:46:14.838,-0.05,-0.0,-0.01
2025-08-28 18:46:14.858,-0.0,0.0,-0.0
2025-08-28 18:46:14.880,0.21,0.1,0.03
2025-08-28 18:46:14.904,0.28,0.13,0.04
2025-08-28 18:46:14.917,0.18,0.09,0.03
2025-08-28 18:46:14.936,0.03,0.03,0.01
2025-08-28 18:46:14.956,-0.04,0.0,-0.0
2025-08-28 18:46:14.977,-0.0,0.01,-0.01
2025-08-28 18:46:15.005,-0.11,0.04,-0.02
2025-08-28 18:46:15.017,-0.2,0.04,-0.04
2025-08-28 18:46:15.039,-0.17,0.08,-0.08
2025-08-28 18:46:15.056,-0.06,0.06,-0.09
2025-08-28 18:46:15.077,-0.01,0.12,-0.06
2025-08-28 18:46:15.101,-0.02,0.18,-0.04
2025-08-28 18:46:15.118,-0.03,0.19,-0.05
2025-08-28 18:46:15.135,0.0,0.2,-0.05
2025-08-28 18:46:15.158,0.09,0.15,-0.05
2025-08-28 18:46:15.180,0.11,0.1,-0.01
2025-08-28 18:46:15.202,0.12,0.07,0.03
2025-08-28 18:46:15.218,0.11,0.1,0.04
2025-08-28 18:46:15.237,0.09,0.09,0.05
2025-08-28 18:46:15.256,0.13,0.08,0.05
2025-08-28 18:46:15.278,0.17,0.04,0.03
2025-08-28 18:46:15.303,0.18,0.01,0.01
2025-08-28 18:46:15.318,0.18,0.0,0.0
2025-08-28 18:46:15.338,0.09,-0.0,-0.01
2025-08-28 18:46:15.360,0.05,0.1,0.05
2025-08-28 18:46:15.387,0.3,0.13,0.08
2025-08-28 18:46:15.398,0.6,0.09,0.01
2025-08-28 18:46:15.417,0.65,0.08,0.04
2025-08-28 18:46:15.437,0.56,0.21,0.08
2025-08-28 18:46:15.458,0.59,0.29,0.1
2025-08-28 18:46:15.478,0.58,0.34,0.06
2025-08-28 18:46:15.501,0.54,0.39,0.03
2025-08-28 18:46:15.520,0.44,0.41,0.0
2025-08-28 18:46:15.538,0.36,0.39,-0.01
2025-08-28 18:46:15.558,0.32,0.32,-0.01
2025-08-28 18:46:15.576,0.32,0.24,0.01
2025-08-28 18:46:15.600,0.35,0.19,0.06
2025-08-28 18:46:15.616,0.47,0.19,0.14
2025-08-28 18:46:15.637,0.68,0.21,0.22
2025-08-28 18:46:15.659,0.82,0.2,0.26
2025-08-28 18:46:15.684,0.82,0.2,0.28
2025-08-28 18:46:15.698,0.81,0.19,0.3
2025-08-28 18:46:15.718,0.81,0.19,0.35
2025-08-28 18:46:15.737,0.73,0.23,0.32
2025-08-28 18:46:15.759,0.52,0.33,0.26
2025-08-28 18:46:15.784,0.21,0.38,0.28
2025-08-28 18:46:15.800,-0.14,0.21,0.27
2025-08-28 18:46:15.818,-0.47,-0.06,0.15
2025-08-28 18:46:15.841,-0.72,-0.32,0.1
2025-08-28 18:46:15.859,-0.71,-0.51,0.1
2025-08-28 18:46:15.883,-0.39,-0.47,-0.03
2025-08-28 18:46:15.900,0.04,-0.19,-0.07
2025-08-28 18:46:15.917,0.27,0.06,0.02
2025-08-28 18:46:15.939,0.38,0.23,0.11
2025-08-28 18:46:15.960,0.42,0.27,0.11
2025-08-28 18:46:15.988,0.46,0.23,0.06
2025-08-28 18:46:16.000,0.36,0.19,-0.01
2025-08-28 18:46:16.019,0.23,0.15,-0.04
2025-08-28 18:46:16.040,-0.0,0.08,-0.07
2025-08-28 18:46:16.060,-0.22,-0.01,-0.09
2025-08-28 18:46:16.083,-0.29,-0.06,-0.1
2025-08-28 18:46:16.100,-0.29,-0.11,-0.12
2025-08-28 18:46:16.118,-0.31,-0.16,-0.12
2025-08-28 18:46:16.140,-0.36,-0.21,-0.11
2025-08-28 18:46:16.170,-0.41,-0.21,-0.09
2025-08-28 18:46:16.178,-0.42,-0.19,-0.07
2025-08-28 18:46:16.200,-0.33,-0.15,-0.06
2025-08-28 18:46:16.220,-0.23,-0.09,-0.07
2025-08-28 18:46:16.241,-0.23,-0.03,-0.07
2025-08-28 18:46:16.270,-0.28,-0.0,-0.08
2025-08-28 18:46:16.278,-0.32,-0.01,-0.11
2025-08-28 18:46:16.301,-0.35,-0.05,-0.18
2025-08-28 18:46:16.323,-0.34,-0.07,-0.18
2025-08-28 18:46:16.350,-0.3,-0.04,-0.13
2025-08-28 18:46:16.362,-0.24,-0.0,-0.08
2025-08-28 18:46:16.381,-0.17,-0.02,-0.06
2025-08-28 18:46:16.402,-0.1,-0.01,-0.04
2025-08-28 18:46:16.420,0.04,0.03,0.02
2025-08-28 18:46:16.441,0.2,0.09,0.06
2025-08-28 18:46:16.469,0.17,0.1,0.05
2025-08-28 18:46:16.482,-0.06,0.03,0.01
2025-08-28 18:46:16.503,-0.32,-0.14,-0.0
2025-08-28 18:46:16.521,-0.39,-0.27,-0.06
2025-08-28 18:46:16.542,-0.38,-0.37,-0.15
2025-08-28 18:46:16.567,-0.45,-0.4,-0.17
2025-08-28 18:46:16.581,-0.51,-0.4,-0.11
2025-08-28 18:46:16.602,-0.52,-0.38,-0.05
2025-08-28 18:46:16.623,-0.3,-0.3,-0.04
2025-08-28 18:46:16.644,-0.21,-0.27,-0.04
2025-08-28 18:46:16.668,-0.26,-0.26,-0.07
2025-08-28 18:46:16.681,-0.35,-0.26,-0.07
2025-08-28 18:46:16.702,-0.37,-0.25,-0.07
2025-08-28 18:46:16.722,-0.31,-0.2,-0.09
2025-08-28 18:46:16.742,-0.18,-0.14,-0.07
2025-08-28 18:46:16.764,-0.16,-0.12,-0.03
2025-08-28 18:46:16.782,-0.26,-0.16,-0.03
2025-08-28 18:46:16.802,-0.36,-0.19,-0.06
2025-08-28 18:46:16.823,-0.43,-0.23,-0.08
2025-08-28 18:46:16.842,-0.31,-0.24,-0.05
2025-08-28 18:46:16.860,-0.14,-0.22,-0.06
2025-08-28 18:46:16.880,-0.01,-0.17,-0.04
2025-08-28 18:46:16.900,-0.11,-0.14,-0.05
2025-08-28 18:46:16.921,-0.24,-0.11,-0.03
2025-08-28 18:46:16.942,-0.25,-0.12,-0.01
2025-08-28 18:46:16.965,-0.21,-0.11,-0.05
2025-08-28 18:46:16.981,-0.17,-0.05,-0.05
2025-08-28 18:46:17.002,-0.01,-0.01,-0.03
2025-08-28 18:46:17.023,0.01,-0.03,-0.02
2025-08-28 18:46:17.048,0.02,-0.02,-0.02
2025-08-28 18:46:17.062,0.06,0.07,-0.03
2025-08-28 18:46:17.080,0.12,0.1,-0.0
2025-08-28 18:46:17.103,0.14,0.02,-0.0
2025-08-28 18:46:17.124,0.05,-0.08,-0.02
2025-08-28 18:46:17.148,-0.05,-0.09,-0.04
2025-08-28 18:46:17.163,-0.12,-0.07,-0.05
2025-08-28 18:46:17.181,-0.13,-0.12,-0.1
2025-08-28 18:46:17.203,-0.11,-0.15,-0.14
2025-08-28 18:46:17.221,-0.04,-0.05,-0.11
2025-08-28 18:46:17.242,0.11,0.05,-0.05
2025-08-28 18:46:17.262,0.19,0.1,-0.02
2025-08-28 18:46:17.285,0.16,0.1,0.03
2025-08-28 18:46:17.303,0.13,0.11,0.05
2025-08-28 18:46:17.323,0.11,0.16,0.05
2025-08-28 18:46:17.348,0.16,0.2,0.0
2025-08-28 18:46:17.363,0.19,0.22,-0.06
2025-08-28 18:46:17.381,0.11,0.23,-0.18
2025-08-28 18:46:17.405,0.08,0.24,-0.22
2025-08-28 18:46:17.430,-0.0,0.22,-0.17
2025-08-28 18:46:17.446,-0.15,0.16,-0.07
2025-08-28 18:46:17.464,-0.22,0.11,-0.04
2025-08-28 18:46:17.483,-0.09,-0.01,-0.08
2025-08-28 18:46:17.504,-0.03,-0.06,-0.08
2025-08-28 18:46:17.530,0.04,-0.01,0.03
2025-08-28 18:46:17.545,0.06,0.07,0.07
2025-08-28 18:46:17.564,0.01,0.09,0.04
2025-08-28 18:46:17.584,-0.0,0.07,0.01
2025-08-28 18:46:17.612,0.1,0.04,0.06
2025-08-28 18:46:17.628,0.19,0.07,0.14
2025-08-28 18:46:17.647,0.22,0.09,0.19
2025-08-28 18:46:17.664,0.19,0.11,0.21
2025-08-28 18:46:17.684,0.11,0.14,0.17
2025-08-28 18:46:17.705,0.21,0.2,0.12
2025-08-28 18:46:17.728,0.28,0.23,0.08
2025-08-28 18:46:17.745,0.17,0.32,0.07
2025-08-28 18:46:17.764,0.08,0.43,0.06
2025-08-28 18:46:17.784,0.14,0.46,0.05
2025-08-28 18:46:17.805,0.31,0.43,0.04
2025-08-28 18:46:17.831,0.41,0.42,0.08
2025-08-28 18:46:17.844,0.37,0.37,0.15
2025-08-28 18:46:17.865,0.37,0.32,0.17
2025-08-28 18:46:17.885,0.42,0.31,0.16
2025-08-28 18:46:17.906,0.49,0.34,0.17
2025-08-28 18:46:17.930,0.52,0.41,0.21
2025-08-28 18:46:17.946,0.51,0.43,0.22
2025-08-28 18:46:17.966,0.49,0.36,0.22
2025-08-28 18:46:17.984,0.51,0.29,0.19
2025-08-28 18:46:18.006,0.59,0.24,0.16
2025-08-28 18:46:18.029,0.61,0.24,0.16
2025-08-28 18:46:18.044,0.63,0.27,0.19
2025-08-28 18:46:18.065,0.66,0.28,0.2
2025-08-28 18:46:18.087,0.68,0.27,0.17
2025-08-28 18:46:18.112,0.71,0.27,0.2
2025-08-28 18:46:18.125,0.66,0.2,0.21
2025-08-28 18:46:18.143,0.53,0.1,0.24
2025-08-28 18:46:18.166,0.33,0.01,0.25
2025-08-28 18:46:18.187,0.11,-0.11,0.2
2025-08-28 18:46:18.211,-0.25,-0.28,0.07
2025-08-28 18:46:18.226,-0.59,-0.4,-0.04
2025-08-28 18:46:18.248,-0.75,-0.42,-0.14
2025-08-28 18:46:18.267,-0.69,-0.34,-0.15
2025-08-28 18:46:18.287,-0.48,-0.18,-0.15
2025-08-28 18:46:18.310,-0.22,-0.01,-0.06
2025-08-28 18:46:18.326,0.03,0.14,0.04
2025-08-28 18:46:18.344,0.31,0.23,0.11
2025-08-28 18:46:18.367,0.53,0.29,0.14
2025-08-28 18:46:18.387,0.51,0.33,0.13
2025-08-28 18:46:18.410,0.44,0.3,0.12
2025-08-28 18:46:18.426,0.3,0.24,0.09
2025-08-28 18:46:18.444,0.06,0.07,0.01
2025-08-28 18:46:18.467,-0.13,-0.08,-0.06
2025-08-28 18:46:18.486,-0.27,-0.19,-0.12
2025-08-28 18:46:18.512,-0.37,-0.22,-0.11
2025-08-28 18:46:18.527,-0.39,-0.21,-0.04
2025-08-28 18:46:18.547,-0.35,-0.22,-0.0
2025-08-28 18:46:18.571,-0.3,-0.22,-0.0
2025-08-28 18:46:18.595,-0.28,-0.22,-0.01
2025-08-28 18:46:18.605,-0.28,-0.18,-0.03
2025-08-28 18:46:18.626,-0.33,-0.17,-0.04
2025-08-28 18:46:18.647,-0.36,-0.18,-0.07
2025-08-28 18:46:18.668,-0.36,-0.22,-0.08
2025-08-28 18:46:18.696,-0.37,-0.27,-0.08
2025-08-28 18:46:18.709,-0.42,-0.29,-0.05
2025-08-28 18:46:18.727,-0.46,-0.34,-0.05
2025-08-28 18:46:18.747,-0.49,-0.4,-0.08
2025-08-28 18:46:18.767,-0.5,-0.45,-0.08
2025-08-28 18:46:18.794,-0.39,-0.38,0.02
2025-08-28 18:46:18.808,-0.3,-0.26,0.1
2025-08-28 18:46:18.827,-0.1,-0.16,0.12
2025-08-28 18:46:18.847,0.02,-0.09,0.09
2025-08-28 18:46:18.867,0.01,-0.01,0.03
2025-08-28 18:46:18.891,-0.07,0.0,0.04
2025-08-28 18:46:18.908,-0.14,0.0,0.03
2025-08-28 18:46:18.928,-0.1,-0.03,-0.0
2025-08-28 18:46:18.948,-0.03,-0.16,-0.03
2025-08-28 18:46:18.968,0.01,-0.26,-0.02
2025-08-28 18:46:18.993,-0.03,-0.31,-0.05
2025-08-28 18:46:19.008,-0.22,-0.34,-0.14
2025-08-28 18:46:19.028,-0.6,-0.33,-0.22
2025-08-28 18:46:19.051,-0.63,-0.28,-0.2
2025-08-28 18:46:19.077,-0.42,-0.21,-0.19
2025-08-28 18:46:19.090,-0.15,-0.06,-0.21
2025-08-28 18:46:19.107,0.01,-0.01,-0.21
2025-08-28 18:46:19.128,0.01,-0.02,-0.18
2025-08-28 18:46:19.149,-0.04,-0.0,-0.11
2025-08-28 18:46:19.170,-0.04,-0.02,-0.07
2025-08-28 18:46:19.192,-0.01,-0.09,-0.08
2025-08-28 18:46:19.210,-0.08,-0.16,-0.12
2025-08-28 18:46:19.229,-0.13,-0.17,-0.13
2025-08-28 18:46:19.248,-0.18,-0.15,-0.13
2025-08-28 18:46:19.270,-0.27,-0.1,-0.13
2025-08-28 18:46:19.292,-0.19,-0.13,-0.13
2025-08-28 18:46:19.310,-0.08,-0.1,-0.12
2025-08-28 18:46:19.331,-0.08,-0.08,-0.11
2025-08-28 18:46:19.351,-0.2,-0.05,-0.07
2025-08-28 18:46:19.374,-0.26,-0.01,-0.05
2025-08-28 18:46:19.390,-0.19,0.0,-0.04
2025-08-28 18:46:19.408,-0.12,-0.03,-0.05
2025-08-28 18:46:19.430,-0.08,-0.1,-0.04
2025-08-28 18:46:19.450,-0.02,-0.07,0.01
2025-08-28 18:46:19.474,0.07,-0.0,0.06
2025-08-28 18:46:19.490,0.13,-0.0,0.06
2025-08-28 18:46:19.509,0.02,-0.08,0.05
2025-08-28 18:46:19.533,0.02,-0.08,0.08
2025-08-28 18:46:19.559,0.09,-0.03,0.1
2025-08-28 18:46:19.573,0.18,-0.04,0.07
2025-08-28 18:46:19.590,0.19,-0.04,0.01
2025-08-28 18:46:19.609,0.15,0.07,0.02
2025-08-28 18:46:19.631,0.17,0.17,0.1
2025-08-28 18:46:19.651,0.23,0.12,0.11
2025-08-28 18:46:19.676,0.19,-0.02,0.06
2025-08-28 18:46:19.690,0.11,-0.02,0.03
2025-08-28 18:46:19.710,0.02,-0.02,0.0
2025-08-28 18:46:19.730,-0.06,-0.03,-0.03
2025-08-28 18:46:19.751,-0.23,-0.06,-0.09
2025-08-28 18:46:19.775,-0.24,-0.06,-0.12
2025-08-28 18:46:19.791,-0.03,-0.01,-0.09
2025-08-28 18:46:19.811,0.21,0.05,-0.01
2025-08-28 18:46:19.832,0.33,0.1,0.01
2025-08-28 18:46:19.860,0.11,0.16,-0.06
2025-08-28 18:46:19.871,-0.13,0.31,-0.09
2025-08-28 18:46:19.891,0.05,0.54,-0.07
2025-08-28 18:46:19.910,0.38,0.62,-0.09
2025-08-28 18:46:19.932,0.56,0.53,-0.16
2025-08-28 18:46:19.958,0.38,0.38,-0.16
2025-08-28 18:46:19.972,0.27,0.24,-0.11
2025-08-28 18:46:19.991,0.3,0.07,-0.02
2025-08-28 18:46:20.013,0.44,-0.05,0.05
2025-08-28 18:46:20.032,0.43,-0.07,0.09
2025-08-28 18:46:20.060,0.17,-0.1,0.11
2025-08-28 18:46:20.071,-0.05,-0.14,0.05
2025-08-28 18:46:20.092,-0.08,-0.22,0.03
2025-08-28 18:46:20.111,0.08,-0.15,0.01
2025-08-28 18:46:20.132,0.23,-0.08,-0.02
2025-08-28 18:46:20.160,0.23,0.0,-0.13
2025-08-28 18:46:20.174,0.07,0.08,-0.24
2025-08-28 18:46:20.192,-0.02,0.1,-0.23
2025-08-28 18:46:20.212,0.0,0.06,-0.19
2025-08-28 18:46:20.233,0.12,0.01,-0.13
2025-08-28 18:46:20.257,0.07,0.16,-0.1
2025-08-28 18:46:20.271,0.06,0.3,-0.05
2025-08-28 18:46:20.292,0.2,0.37,0.02
2025-08-28 18:46:20.314,0.42,0.38,0.06
2025-08-28 18:46:20.334,0.58,0.4,0.13
2025-08-28 18:46:20.357,0.6,0.39,0.19
2025-08-28 18:46:20.372,0.64,0.36,0.21
2025-08-28 18:46:20.393,0.67,0.34,0.23
2025-08-28 18:46:20.414,0.54,0.3,0.21
2025-08-28 18:46:20.439,0.44,0.22,0.2
2025-08-28 18:46:20.452,0.31,0.14,0.18
2025-08-28 18:46:20.473,0.25,0.07,0.17
2025-08-28 18:46:20.494,0.32,-0.0,0.16
2025-08-28 18:46:20.513,0.62,-0.04,0.15
2025-08-28 18:46:20.540,0.77,-0.0,0.17
2025-08-28 18:46:20.552,0.76,0.17,0.29
2025-08-28 18:46:20.572,0.74,0.37,0.48
2025-08-28 18:46:20.594,0.98,0.55,0.62
2025-08-28 18:46:20.614,1.12,0.64,0.7
2025-08-28 18:46:20.640,1.03,0.75,0.83
2025-08-28 18:46:20.655,1.08,0.77,1.01
2025-08-28 18:46:20.671,0.68,0.66,0.96
2025-08-28 18:46:20.693,-0.03,0.4,0.78
2025-08-28 18:46:20.714,-1.1,-0.06,0.4
2025-08-28 18:46:20.737,-2.24,-0.49,-0.09
2025-08-28 18:46:20.754,-1.68,-1.01,-0.44
2025-08-28 18:46:20.772,-0.46,-0.66,-0.45
2025-08-28 18:46:20.794,0.18,-0.24,-0.3
2025-08-28 18:46:20.817,0.68,0.2,0.12
2025-08-28 18:46:20.838,0.83,0.3,0.32
2025-08-28 18:46:20.854,0.81,0.17,0.44
2025-08-28 18:46:20.872,0.7,0.04,0.34
2025-08-28 18:46:20.893,0.45,-0.09,0.16
2025-08-28 18:46:20.914,0.06,-0.22,-0.03
2025-08-28 18:46:20.939,-0.13,-0.3,-0.16
2025-08-28 18:46:20.955,-0.38,-0.24,-0.26
2025-08-28 18:46:20.976,-0.64,-0.1,-0.28
2025-08-28 18:46:20.995,-0.64,-0.06,-0.25
2025-08-28 18:46:21.015,-0.44,-0.08,-0.24
2025-08-28 18:46:21.037,-0.36,-0.14,-0.24
2025-08-28 18:46:21.055,-0.32,-0.21,-0.19
2025-08-28 18:46:21.075,-0.26,-0.24,-0.15
2025-08-28 18:46:21.094,-0.24,-0.26,-0.16
2025-08-28 18:46:21.115,-0.28,-0.3,-0.18
2025-08-28 18:46:21.139,-0.4,-0.32,-0.21
2025-08-28 18:46:21.155,-0.49,-0.32,-0.21
2025-08-28 18:46:21.175,-0.51,-0.35,-0.21
2025-08-28 18:46:21.197,-0.46,-0.38,-0.23
2025-08-28 18:46:21.223,-0.47,-0.39,-0.25
2025-08-28 18:46:21.233,-0.53,-0.4,-0.25
2025-08-28 18:46:21.256,-0.53,-0.43,-0.21
2025-08-28 18:46:21.275,-0.38,-0.45,-0.16
2025-08-28 18:46:21.297,-0.18,-0.41,-0.09
2025-08-28 18:46:21.322,0.01,-0.33,-0.0
2025-08-28 18:46:21.334,0.25,-0.17,0.09
2025-08-28 18:46:21.355,0.28,-0.1,0.1
2025-08-28 18:46:21.375,0.07,-0.08,0.06
2025-08-28 18:46:21.396,-0.26,-0.04,0.0
2025-08-28 18:46:21.419,-0.43,0.07,-0.0
2025-08-28 18:46:21.436,-0.38,0.13,-0.04
2025-08-28 18:46:21.459,-0.31,0.06,-0.1
2025-08-28 18:46:21.473,-0.36,0.02,-0.1
2025-08-28 18:46:21.496,-0.38,-0.0,-0.06
2025-08-28 18:46:21.521,-0.28,-0.04,0.02
2025-08-28 18:46:21.535,-0.15,-0.07,0.04
2025-08-28 18:46:21.553,-0.06,-0.11,0.04
2025-08-28 18:46:21.574,-0.07,-0.13,0.03
2025-08-28 18:46:21.596,-0.06,-0.04,0.09
2025-08-28 18:46:21.621,0.04,-0.07,0.11
2025-08-28 18:46:21.635,-0.03,-0.14,0.07
2025-08-28 18:46:21.653,-0.2,-0.18,0.07
2025-08-28 18:46:21.675,-0.15,-0.22,0.09
2025-08-28 18:46:21.696,-0.16,-0.24,0.06
2025-08-28 18:46:21.722,-0.2,-0.23,0.03
2025-08-28 18:46:21.734,-0.32,-0.18,0.05
2025-08-28 18:46:21.754,-0.42,-0.13,0.06
2025-08-28 18:46:21.778,-0.37,-0.07,0.02
2025-08-28 18:46:21.803,-0.32,-0.04,-0.13
2025-08-28 18:46:21.816,-0.22,-0.07,-0.18
2025-08-28 18:46:21.835,-0.09,-0.06,-0.12
2025-08-28 18:46:21.855,-0.1,0.01,-0.04
2025-08-28 18:46:21.876,-0.18,0.01,-0.04
2025-08-28 18:46:21.896,-0.13,-0.05,-0.02
2025-08-28 18:46:21.918,0.1,-0.13,-0.0
2025-08-28 18:46:21.936,0.18,-0.13,-0.01
2025-08-28 18:46:21.954,0.03,-0.09,-0.01
2025-08-28 18:46:21.975,-0.05,-0.08,-0.02
2025-08-28 18:46:21.996,0.03,-0.1,0.0
2025-08-28 18:46:22.019,0.11,-0.12,0.03
2025-08-28 18:46:22.038,0.14,-0.1,0.0
2025-08-28 18:46:22.056,0.04,-0.1,0.0
2025-08-28 18:46:22.077,-0.11,-0.14,0.05
2025-08-28 18:46:22.097,-0.16,-0.21,0.04
2025-08-28 18:46:22.115,0.09,-0.24,-0.05
2025-08-28 18:46:22.136,0.31,-0.21,-0.06
2025-08-28 18:46:22.156,0.3,-0.1,-0.04
2025-08-28 18:46:22.177,0.08,-0.05,-0.02
2025-08-28 18:46:22.203,-0.09,-0.01,-0.03
2025-08-28 18:46:22.217,0.0,0.0,-0.04
2025-08-28 18:46:22.235,0.35,0.03,-0.0
2025-08-28 18:46:22.258,0.97,0.1,-0.02
2025-08-28 18:46:22.278,1.09,0.16,-0.03
2025-08-28 18:46:22.304,0.76,0.26,-0.05
2025-08-28 18:46:22.316,0.21,0.4,-0.05
2025-08-28 18:46:22.336,-0.14,0.53,0.07
2025-08-28 18:46:22.356,-0.0,0.5,0.13
2025-08-28 18:46:22.378,0.12,0.37,0.13
2025-08-28 18:46:22.403,0.12,0.16,0.11
2025-08-28 18:46:22.421,-0.05,-0.07,0.11
2025-08-28 18:46:22.437,-0.24,-0.13,0.11
2025-08-28 18:46:22.458,-0.26,-0.12,0.07
2025-08-28 18:46:22.478,-0.25,-0.12,0.0
2025-08-28 18:46:22.500,-0.39,-0.06,-0.05
2025-08-28 18:46:22.518,-0.41,0.08,-0.04
2025-08-28 18:46:22.538,-0.22,0.15,-0.02
2025-08-28 18:46:22.559,-0.03,0.17,-0.02
2025-08-28 18:46:22.584,0.11,0.15,-0.01
2025-08-28 18:46:22.598,0.21,0.15,0.05
2025-08-28 18:46:22.616,0.31,0.2,0.07
2025-08-28 18:46:22.639,0.29,0.23,0.06
2025-08-28 18:46:22.658,0.16,0.24,0.04
2025-08-28 18:46:22.678,0.07,0.21,0.01
2025-08-28 18:46:22.700,0.06,0.2,-0.0
2025-08-28 18:46:22.719,0.08,0.21,-0.02
2025-08-28 18:46:22.742,0.16,0.2,-0.04
2025-08-28 18:46:22.767,0.2,0.17,-0.03
2025-08-28 18:46:22.779,0.21,0.12,-0.02
2025-08-28 18:46:22.797,0.25,0.05,-0.04
2025-08-28 18:46:22.817,0.23,-0.02,-0.08
2025-08-28 18:46:22.840,0.12,-0.13,-0.15
2025-08-28 18:46:22.860,0.15,-0.21,-0.14
2025-08-28 18:46:22.882,0.37,-0.27,-0.08
2025-08-28 18:46:22.899,0.6,-0.25,-0.03
2025-08-28 18:46:22.919,0.63,-0.21,0.0
2025-08-28 18:46:22.940,0.65,-0.13,-0.01
2025-08-28 18:46:22.959,0.62,-0.11,-0.06
2025-08-28 18:46:22.982,0.62,-0.1,-0.11
2025-08-28 18:46:22.998,0.49,-0.07,-0.06
2025-08-28 18:46:23.019,0.43,0.01,0.0
2025-08-28 18:46:23.041,0.4,0.1,0.04
2025-08-28 18:46:23.066,0.31,0.23,0.09
2025-08-28 18:46:23.081,0.15,0.41,0.13
2025-08-28 18:46:23.099,0.04,0.58,0.15
2025-08-28 18:46:23.120,-0.14,0.5,0.14
2025-08-28 18:46:23.140,-0.26,0.23,0.13
2025-08-28 18:46:23.160,-0.4,-0.13,0.06
2025-08-28 18:46:23.182,-0.59,-0.29,-0.08
2025-08-28 18:46:23.201,-0.53,-0.37,-0.16
2025-08-28 18:46:23.222,-0.13,-0.22,-0.05
2025-08-28 18:46:23.240,0.28,-0.0,0.09
2025-08-28 18:46:23.265,0.67,0.19,0.22
2025-08-28 18:46:23.280,0.9,0.33,0.31
2025-08-28 18:46:23.301,0.85,0.37,0.28
2025-08-28 18:46:23.320,0.56,0.27,0.18
2025-08-28 18:46:23.341,0.24,0.17,0.03
2025-08-28 18:46:23.366,0.06,0.12,-0.08
2025-08-28 18:46:23.384,-0.01,0.05,-0.15
2025-08-28 18:46:23.400,-0.12,0.02,-0.14
2025-08-28 18:46:23.421,-0.23,0.01,-0.05
2025-08-28 18:46:23.443,-0.26,-0.02,0.0
2025-08-28 18:46:23.465,-0.18,-0.05,0.05
2025-08-28 18:46:23.481,-0.03,-0.07,0.07
2025-08-28 18:46:23.501,0.0,-0.07,0.07
2025-08-28 18:46:23.522,-0.01,-0.08,0.04
2025-08-28 18:46:23.543,-0.06,-0.08,0.0
2025-08-28 18:46:23.567,-0.07,-0.09,-0.01
2025-08-28 18:46:23.581,-0.1,-0.11,-0.0
2025-08-28 18:46:23.602,-0.13,-0.12,0.0
2025-08-28 18:46:23.622,-0.16,-0.12,-0.0
2025-08-28 18:46:23.641,-0.22,-0.11,-0.01
2025-08-28 18:46:23.665,-0.35,-0.15,-0.03
2025-08-28 18:46:23.682,-0.44,-0.16,-0.08
2025-08-28 18:46:23.704,-0.36,-0.16,-0.13
2025-08-28 18:46:23.723,-0.24,-0.21,-0.09
2025-08-28 18:46:23.740,-0.19,-0.18,-0.05
2025-08-28 18:46:23.762,-0.25,-0.11,-0.08
2025-08-28 18:46:23.781,-0.27,-0.0,-0.13
2025-08-28 18:46:23.803,-0.21,0.04,-0.15
2025-08-28 18:46:23.822,-0.11,0.02,-0.1
2025-08-28 18:46:23.847,-0.13,-0.05,-0.04
2025-08-28 18:46:23.865,-0.07,-0.1,-0.01
2025-08-28 18:46:23.880,0.06,-0.11,-0.02
2025-08-28 18:46:23.903,0.03,-0.16,-0.05
2025-08-28 18:46:23.923,-0.2,-0.18,-0.04
2025-08-28 18:46:23.950,-0.44,-0.2,-0.0
2025-08-28 18:46:23.961,-0.42,-0.19,0.01
2025-08-28 18:46:23.980,-0.22,-0.16,0.0
2025-08-28 18:46:24.002,-0.27,-0.16,-0.02
2025-08-28 18:46:24.026,-0.34,-0.21,-0.01
2025-08-28 18:46:24.050,-0.35,-0.22,-0.0
2025-08-28 18:46:24.061,-0.38,-0.18,-0.02
2025-08-28 18:46:24.082,-0.38,-0.14,-0.07
2025-08-28 18:46:24.103,-0.37,-0.09,-0.13
2025-08-28 18:46:24.125,-0.32,-0.03,-0.12
2025-08-28 18:46:24.147,-0.26,0.01,-0.06
2025-08-28 18:46:24.163,-0.17,-0.0,-0.05
2025-08-28 18:46:24.184,-0.12,-0.03,-0.1
2025-08-28 18:46:24.201,-0.21,-0.06,-0.11
2025-08-28 18:46:24.223,-0.31,-0.07,-0.11
2025-08-28 18:46:24.248,-0.37,-0.09,-0.09
2025-08-28 18:46:24.262,-0.27,-0.09,-0.08
2025-08-28 18:46:24.282,-0.19,-0.09,-0.05
2025-08-28 18:46:24.303,-0.17,-0.12,-0.05
2025-08-28 18:46:24.324,-0.19,-0.19,-0.09
2025-08-28 18:46:24.345,-0.18,-0.19,-0.09
2025-08-28 18:46:24.362,-0.16,-0.16,-0.05
2025-08-28 18:46:24.383,-0.15,-0.11,-0.06
2025-08-28 18:46:24.403,-0.16,-0.13,-0.06
2025-08-28 18:46:24.423,-0.29,-0.15,-0.05
2025-08-28 18:46:24.448,-0.27,-0.11,-0.02
2025-08-28 18:46:24.463,-0.21,-0.05,-0.02
2025-08-28 18:46:24.482,-0.25,-0.0,-0.07
2025-08-28 18:46:24.504,-0.34,-0.03,-0.13
2025-08-28 18:46:24.532,-0.45,-0.03,-0.17
2025-08-28 18:46:24.543,-0.35,0.01,-0.2
2025-08-28 18:46:24.562,-0.16,0.02,-0.21
2025-08-28 18:46:24.581,0.04,0.0,-0.14
2025-08-28 18:46:24.603,0.03,0.0,-0.04
2025-08-28 18:46:24.623,0.03,-0.03,0.02
2025-08-28 18:46:24.646,0.0,-0.08,0.03
2025-08-28 18:46:24.666,-0.05,-0.08,-0.01
2025-08-28 18:46:24.681,-0.16,-0.04,-0.05
2025-08-28 18:46:24.703,-0.12,0.08,-0.05
2025-08-28 18:46:24.724,0.06,0.12,-0.06
2025-08-28 18:46:24.745,0.28,0.1,-0.07
2025-08-28 18:46:24.763,0.21,0.07,-0.04
2025-08-28 18:46:24.781,0.07,0.13,0.03
2025-08-28 18:46:24.803,0.18,0.2,0.13
2025-08-28 18:46:24.831,0.42,0.2,0.16
2025-08-28 18:46:24.843,0.29,0.14,0.13
2025-08-28 18:46:24.863,0.06,0.07,0.09
2025-08-28 18:46:24.883,-0.09,0.03,0.07
2025-08-28 18:46:24.904,-0.12,0.04,0.07
2025-08-28 18:46:24.928,-0.01,0.05,0.05
2025-08-28 18:46:24.943,0.03,0.02,0.03
2025-08-28 18:46:24.963,-0.03,0.03,0.03
2025-08-28 18:46:24.987,-0.06,0.05,0.04
2025-08-28 18:46:25.003,-0.01,0.05,0.04
2025-08-28 18:46:25.023,0.13,0.0,0.02
2025-08-28 18:46:25.044,0.17,0.02,0.03
2025-08-28 18:46:25.064,0.13,0.06,0.03
2025-08-28 18:46:25.084,0.16,0.07,0.04
2025-08-28 18:46:25.103,0.18,0.04,0.02
2025-08-28 18:46:25.128,0.2,0.04,0.03
2025-08-28 18:46:25.143,0.22,0.11,0.05
2025-08-28 18:46:25.161,0.23,0.18,0.05
2025-08-28 18:46:25.184,0.24,0.18,0.01
2025-08-28 18:46:25.204,0.26,0.14,-0.03
2025-08-28 18:46:25.228,0.3,0.13,-0.03
2025-08-28 18:46:25.244,0.36,0.09,-0.0
2025-08-28 18:46:25.260,0.36,0.09,0.02
2025-08-28 18:46:25.284,0.25,0.08,0.04
2025-08-28 18:46:25.306,0.11,0.06,0.03
2025-08-28 18:46:25.326,0.05,0.06,0.03
2025-08-28 18:46:25.342,0.16,0.04,0.03
2025-08-28 18:46:25.361,0.39,0.03,0.03
2025-08-28 18:46:25.381,0.56,0.01,0.02
2025-08-28 18:46:25.402,0.7,-0.0,0.04
2025-08-28 18:46:25.427,0.77,-0.01,0.08
2025-08-28 18:46:25.442,0.83,0.0,0.08
2025-08-28 18:46:25.465,0.79,0.06,0.08
2025-08-28 18:46:25.483,0.73,0.17,0.08
2025-08-28 18:46:25.503,0.64,0.27,0.1
2025-08-28 18:46:25.530,0.53,0.27,0.12
2025-08-28 18:46:25.541,0.3,0.17,0.12
2025-08-28 18:46:25.561,0.04,0.08,0.11
2025-08-28 18:46:25.583,-0.15,0.06,0.1
2025-08-28 18:46:25.603,-0.22,0.0,0.04
2025-08-28 18:46:25.626,-0.14,-0.11,-0.01
2025-08-28 18:46:25.643,-0.18,-0.05,-0.02
2025-08-28 18:46:25.663,-0.24,-0.01,-0.03
2025-08-28 18:46:25.684,-0.25,-0.04,-0.08
2025-08-28 18:46:25.703,-0.12,-0.04,-0.15
2025-08-28 18:46:25.726,0.09,0.01,-0.09
2025-08-28 18:46:25.744,0.31,0.07,-0.01
2025-08-28 18:46:25.763,0.5,0.08,0.1
2025-08-28 18:46:25.785,0.7,0.09,0.23
2025-08-28 18:46:25.812,0.75,0.12,0.23
2025-08-28 18:46:25.825,0.66,0.16,0.14
2025-08-28 18:46:25.843,0.39,0.19,0.06
2025-08-28 18:46:25.861,0.03,0.18,-0.01
2025-08-28 18:46:25.884,-0.34,0.06,-0.1
2025-08-28 18:46:25.910,-0.49,-0.02,-0.14
2025-08-28 18:46:25.924,-0.43,-0.12,-0.13
2025-08-28 18:46:25.946,-0.17,-0.21,-0.11
2025-08-28 18:46:25.961,-0.09,-0.19,-0.07
2025-08-28 18:46:25.983,-0.14,-0.16,-0.04
2025-08-28 18:46:26.011,-0.27,-0.14,-0.04
2025-08-28 18:46:26.024,-0.33,-0.14,-0.03
2025-08-28 18:46:26.042,-0.31,-0.13,-0.05
2025-08-28 18:46:26.063,-0.19,-0.13,-0.09
2025-08-28 18:46:26.083,-0.13,-0.14,-0.13
2025-08-28 18:46:26.110,-0.23,-0.18,-0.16
2025-08-28 18:46:26.124,-0.36,-0.23,-0.15
2025-08-28 18:46:26.142,-0.44,-0.26,-0.13
2025-08-28 18:46:26.162,-0.26,-0.31,-0.12
2025-08-28 18:46:26.182,-0.11,-0.33,-0.11
2025-08-28 18:46:26.208,-0.02,-0.31,-0.1
2025-08-28 18:46:26.221,-0.03,-0.25,-0.03
2025-08-28 18:46:26.242,-0.08,-0.23,-0.03
2025-08-28 18:46:26.264,-0.26,-0.2,-0.01
2025-08-28 18:46:26.290,-0.39,-0.19,-0.02
2025-08-28 18:46:26.304,-0.49,-0.16,-0.02
2025-08-28 18:46:26.323,-0.48,-0.11,-0.02
2025-08-28 18:46:26.344,-0.43,-0.2,-0.02
2025-08-28 18:46:26.363,-0.37,-0.29,-0.03
2025-08-28 18:46:26.383,-0.31,-0.3,-0.04
2025-08-28 18:46:26.407,-0.23,-0.19,-0.01
2025-08-28 18:46:26.425,-0.23,-0.15,0.0
2025-08-28 18:46:26.443,-0.3,-0.16,0.01
2025-08-28 18:46:26.463,-0.43,-0.18,0.0
2025-08-28 18:46:26.483,-0.47,-0.17,-0.03
2025-08-28 18:46:26.508,-0.34,-0.16,-0.03
2025-08-28 18:46:26.524,-0.31,-0.15,-0.05
2025-08-28 18:46:26.541,-0.39,-0.15,-0.05
2025-08-28 18:46:26.563,-0.5,-0.1,-0.03
2025-08-28 18:46:26.586,-0.29,-0.06,0.04
2025-08-28 18:46:26.606,-0.09,-0.03,0.08
2025-08-28 18:46:26.623,0.08,-0.04,0.06
2025-08-28 18:46:26.641,0.06,-0.04,0.03
2025-08-28 18:46:26.662,-0.16,-0.0,0.02
2025-08-28 18:46:26.683,-0.27,0.01,0.02
2025-08-28 18:46:26.710,-0.29,0.02,0.0
2025-08-28 18:46:26.722,-0.28,-0.01,-0.02
2025-08-28 18:46:26.744,-0.3,-0.02,-0.07
2025-08-28 18:46:26.762,-0.3,-0.04,-0.05
2025-08-28 18:46:26.783,-0.21,-0.08,-0.04
2025-08-28 18:46:26.807,-0.12,-0.17,-0.03
2025-08-28 18:46:26.822,-0.06,-0.24,-0.07
2025-08-28 18:46:26.841,-0.11,-0.16,-0.08
2025-08-28 18:46:26.863,-0.08,-0.07,-0.05
2025-08-28 18:46:26.884,0.01,-0.09,-0.02
2025-08-28 18:46:26.907,0.02,-0.14,-0.05
2025-08-28 18:46:26.922,-0.15,-0.12,-0.07
2025-08-28 18:46:26.942,-0.21,-0.1,-0.07
2025-08-28 18:46:26.961,-0.13,-0.11,-0.08
2025-08-28 18:46:26.981,0.09,-0.11,-0.08
2025-08-28 18:46:27.002,0.19,-0.09,-0.04
2025-08-28 18:46:27.022,0.13,-0.06,0.02
2025-08-28 18:46:27.044,-0.0,-0.05,0.04
2025-08-28 18:46:27.065,-0.1,-0.05,0.01
2025-08-28 18:46:27.091,-0.01,-0.03,-0.03
2025-08-28 18:46:27.104,0.19,-0.0,-0.06
2025-08-28 18:46:27.123,0.14,0.01,-0.09
2025-08-28 18:46:27.141,0.06,0.01,-0.06
2025-08-28 18:46:27.162,-0.01,-0.02,-0.03
2025-08-28 18:46:27.183,0.03,-0.0,-0.0
2025-08-28 18:46:27.208,0.17,0.04,-0.0
2025-08-28 18:46:27.226,0.27,0.11,0.0
2025-08-28 18:46:27.240,0.27,0.16,0.02
2025-08-28 18:46:27.262,0.24,0.13,0.04
2025-08-28 18:46:27.283,0.1,0.11,-0.01
2025-08-28 18:46:27.308,0.03,0.1,-0.05
2025-08-28 18:46:27.323,0.09,0.08,-0.04
2025-08-28 18:46:27.342,0.14,0.05,0.02
2025-08-28 18:46:27.363,0.11,0.01,0.1
2025-08-28 18:46:27.388,-0.03,-0.0,0.11
2025-08-28 18:46:27.403,-0.14,-0.01,0.1
2025-08-28 18:46:27.424,0.0,0.03,0.13
2025-08-28 18:46:27.441,0.21,0.05,0.13
2025-08-28 18:46:27.462,0.29,0.07,0.12
2025-08-28 18:46:27.482,0.19,0.1,0.15
2025-08-28 18:46:27.505,0.15,0.1,0.19
2025-08-28 18:46:27.523,0.25,0.12,0.22
2025-08-28 18:46:27.545,0.4,0.14,0.19
2025-08-28 18:46:27.562,0.49,0.14,0.13
2025-08-28 18:46:27.582,0.45,0.14,0.06
2025-08-28 18:46:27.608,0.38,0.16,0.0
2025-08-28 18:46:27.621,0.33,0.25,-0.07
2025-08-28 18:46:27.642,0.32,0.24,-0.18
2025-08-28 18:46:27.662,0.26,0.25,-0.24
2025-08-28 18:46:27.684,0.14,0.25,-0.24
2025-08-28 18:46:27.707,0.21,0.16,-0.15
2025-08-28 18:46:27.721,0.36,0.1,-0.08
2025-08-28 18:46:27.743,0.42,0.13,-0.01
2025-08-28 18:46:27.763,0.46,0.21,0.05
2025-08-28 18:46:27.789,0.52,0.26,0.12
2025-08-28 18:46:27.801,0.56,0.3,0.13
2025-08-28 18:46:27.823,0.6,0.33,0.09
2025-08-28 18:46:27.844,0.56,0.34,0.07
2025-08-28 18:46:27.866,0.49,0.38,0.05
2025-08-28 18:46:27.888,0.52,0.43,0.1
2025-08-28 18:46:27.903,0.64,0.42,0.14
2025-08-28 18:46:27.923,0.79,0.41,0.15
2025-08-28 18:46:27.943,0.85,0.4,0.12
2025-08-28 18:46:27.964,0.76,0.38,0.09
2025-08-28 18:46:27.989,0.69,0.41,0.09
2025-08-28 18:46:28.004,0.61,0.45,0.09
2025-08-28 18:46:28.024,0.56,0.48,0.08
2025-08-28 18:46:28.044,0.45,0.53,0.05
2025-08-28 18:46:28.064,0.27,0.55,-0.0
2025-08-28 18:46:28.090,0.09,0.49,-0.02
2025-08-28 18:46:28.101,-0.09,0.39,-0.03
2025-08-28 18:46:28.121,-0.43,0.19,-0.08
2025-08-28 18:46:28.142,-0.75,-0.15,-0.17
2025-08-28 18:46:28.164,-0.78,-0.34,-0.2
2025-08-28 18:46:28.189,-0.54,-0.34,-0.18
2025-08-28 18:46:28.201,-0.34,-0.22,-0.13
2025-08-28 18:46:28.221,0.07,-0.01,-0.0
2025-08-28 18:46:28.242,0.35,0.15,0.05
2025-08-28 18:46:28.263,0.47,0.22,0.06
2025-08-28 18:46:28.285,0.36,0.23,0.02
2025-08-28 18:46:28.302,0.14,0.17,-0.03
2025-08-28 18:46:28.323,-0.12,0.07,-0.1
2025-08-28 18:46:28.345,-0.23,0.02,-0.16
2025-08-28 18:46:28.371,-0.26,-0.04,-0.17
2025-08-28 18:46:28.383,-0.23,-0.07,-0.17
2025-08-28 18:46:28.402,-0.21,-0.1,-0.14
2025-08-28 18:46:28.423,-0.21,-0.1,-0.09
2025-08-28 18:46:28.443,-0.18,-0.08,-0.07
2025-08-28 18:46:28.464,-0.22,-0.06,-0.03
2025-08-28 18:46:28.486,-0.21,-0.07,-0.02
2025-08-28 18:46:28.506,-0.21,-0.09,-0.0
2025-08-28 18:46:28.523,-0.2,-0.14,-0.03
2025-08-28 18:46:28.542,-0.22,-0.16,-0.03
2025-08-28 18:46:28.562,-0.33,-0.13,-0.01
2025-08-28 18:46:28.583,-0.41,-0.11,0.0
2025-08-28 18:46:28.603,-0.41,-0.12,0.01
2025-08-28 18:46:28.623,-0.41,-0.18,-0.0
2025-08-28 18:46:28.645,-0.41,-0.25,-0.03
2025-08-28 18:46:28.671,-0.42,-0.29,-0.03
2025-08-28 18:46:28.685,-0.41,-0.29,-0.03
2025-08-28 18:46:28.703,-0.37,-0.31,-0.05
2025-08-28 18:46:28.723,-0.4,-0.34,-0.06
2025-08-28 18:46:28.744,-0.41,-0.37,-0.08
2025-08-28 18:46:28.772,-0.4,-0.4,-0.08
2025-08-28 18:46:28.785,-0.36,-0.4,-0.07
2025-08-28 18:46:28.805,-0.36,-0.37,-0.06
2025-08-28 18:46:28.828,-0.42,-0.37,-0.08
2025-08-28 18:46:28.852,-0.5,-0.37,-0.09
2025-08-28 18:46:28.866,-0.53,-0.37,-0.1
2025-08-28 18:46:28.883,-0.41,-0.37,-0.09
2025-08-28 18:46:28.904,-0.26,-0.26,-0.06
2025-08-28 18:46:28.924,-0.19,-0.14,-0.06
2025-08-28 18:46:28.944,-0.18,-0.1,-0.06
2025-08-28 18:46:28.972,-0.24,-0.12,-0.08
2025-08-28 18:46:28.985,-0.35,-0.14,-0.08
2025-08-28 18:46:29.003,-0.3,-0.16,-0.05
2025-08-28 18:46:29.025,-0.18,-0.14,-0.02
2025-08-28 18:46:29.044,-0.09,-0.09,-0.02
2025-08-28 18:46:29.068,-0.12,-0.05,0.0
2025-08-28 18:46:29.083,-0.27,-0.13,0.05
2025-08-28 18:46:29.103,-0.36,-0.13,0.06
2025-08-28 18:46:29.125,-0.35,-0.18,0.06
2025-08-28 18:46:29.147,-0.27,-0.24,-0.01
2025-08-28 18:46:29.168,-0.2,-0.19,-0.0
2025-08-28 18:46:29.184,-0.3,-0.15,-0.01
2025-08-28 18:46:29.204,-0.34,-0.09,-0.02
2025-08-28 18:46:29.224,-0.28,-0.1,-0.0
2025-08-28 18:46:29.244,-0.2,-0.11,0.0
2025-08-28 18:46:29.269,-0.14,-0.12,0.01
2025-08-28 18:46:29.284,-0.11,-0.07,0.01
2025-08-28 18:46:29.305,-0.05,-0.03,0.03
2025-08-28 18:46:29.323,-0.01,-0.01,0.03
2025-08-28 18:46:29.347,-0.03,0.01,0.01
2025-08-28 18:46:29.367,-0.11,-0.01,-0.01
2025-08-28 18:46:29.385,-0.2,-0.0,-0.02
2025-08-28 18:46:29.403,-0.15,0.06,-0.01
2025-08-28 18:46:29.423,0.01,0.13,-0.02
2025-08-28 18:46:29.444,0.07,0.04,-0.05
2025-08-28 18:46:29.470,-0.16,-0.08,-0.09
2025-08-28 18:46:29.484,-0.24,-0.1,-0.05
2025-08-28 18:46:29.504,-0.2,-0.08,-0.01
2025-08-28 18:46:29.525,-0.07,-0.02,-0.04
2025-08-28 18:46:29.544,0.01,-0.04,-0.1
2025-08-28 18:46:29.567,-0.13,-0.05,-0.15
2025-08-28 18:46:29.584,-0.27,0.07,-0.2
2025-08-28 18:46:29.604,-0.13,0.27,-0.16
2025-08-28 18:46:29.626,0.02,0.31,-0.13
2025-08-28 18:46:29.654,0.17,0.17,-0.06
2025-08-28 18:46:29.662,0.14,0.07,0.0
2025-08-28 18:46:29.683,0.16,0.13,0.14
2025-08-28 18:46:29.703,0.25,0.23,0.19
2025-08-28 18:46:29.725,0.26,0.24,0.17
2025-08-28 18:46:29.753,0.24,0.2,0.09
2025-08-28 18:46:29.764,0.19,0.21,0.04
2025-08-28 18:46:29.785,0.19,0.23,0.05
2025-08-28 18:46:29.803,0.14,0.21,0.06
2025-08-28 18:46:29.825,0.14,0.13,0.09
2025-08-28 18:46:29.852,0.12,-0.02,0.08
2025-08-28 18:46:29.864,-0.0,-0.1,0.11
2025-08-28 18:46:29.884,-0.17,-0.06,0.18
2025-08-28 18:46:29.903,-0.2,0.0,0.19
2025-08-28 18:46:29.925,-0.15,-0.0,0.14
2025-08-28 18:46:29.949,-0.13,-0.0,0.08
2025-08-28 18:46:29.965,-0.04,-0.0,0.07
2025-08-28 18:46:29.984,-0.05,0.01,0.07
2025-08-28 18:46:30.004,-0.03,0.05,0.09
2025-08-28 18:46:30.025,0.05,0.13,0.1
2025-08-28 18:46:30.052,0.17,0.09,0.12
2025-08-28 18:46:30.064,0.23,0.08,0.15
2025-08-28 18:46:30.085,0.29,0.05,0.17
2025-08-28 18:46:30.106,0.37,0.03,0.14
2025-08-28 18:46:30.125,0.33,0.07,0.15
2025-08-28 18:46:30.152,0.21,0.11,0.19
2025-08-28 18:46:30.162,0.0,0.17,0.23
2025-08-28 18:46:30.182,-0.07,0.27,0.23
2025-08-28 18:46:30.203,0.11,0.33,0.13
2025-08-28 18:46:30.223,0.29,0.24,0.09
2025-08-28 18:46:30.247,0.29,0.19,0.07
2025-08-28 18:46:30.265,0.1,0.1,-0.02
2025-08-28 18:46:30.284,-0.0,0.06,-0.07
2025-08-28 18:46:30.304,-0.06,0.03,-0.09
2025-08-28 18:46:30.324,-0.01,-0.0,-0.11
2025-08-28 18:46:30.348,0.0,-0.05,-0.11
2025-08-28 18:46:30.364,-0.0,-0.11,-0.1
2025-08-28 18:46:30.384,0.02,-0.2,-0.09
2025-08-28 18:46:30.404,0.3,-0.25,-0.08
2025-08-28 18:46:30.430,0.53,-0.27,-0.11
2025-08-28 18:46:30.448,0.73,-0.3,-0.13
2025-08-28 18:46:30.465,0.93,-0.27,-0.1
2025-08-28 18:46:30.485,0.95,-0.15,-0.06
2025-08-28 18:46:30.504,0.85,0.03,-0.02
2025-08-28 18:46:30.525,0.7,0.2,-0.01
2025-08-28 18:46:30.549,0.57,0.25,0.04
2025-08-28 18:46:30.563,0.59,0.22,0.05
2025-08-28 18:46:30.586,0.62,0.22,0.02
2025-08-28 18:46:30.605,0.67,0.23,0.01
2025-08-28 18:46:30.625,0.55,0.28,-0.0
2025-08-28 18:46:30.647,0.34,0.34,-0.01
2025-08-28 18:46:30.665,0.06,0.34,0.07
2025-08-28 18:46:30.685,-0.14,0.18,0.12
2025-08-28 18:46:30.705,-0.52,-0.07,0.13
2025-08-28 18:46:30.726,-0.84,-0.29,0.12
2025-08-28 18:46:30.747,-0.69,-0.46,0.0
2025-08-28 18:46:30.763,-0.3,-0.38,-0.06
2025-08-28 18:46:30.786,0.03,-0.16,-0.03
2025-08-28 18:46:30.806,0.18,0.05,0.09
2025-08-28 18:46:30.830,0.29,0.21,0.19
2025-08-28 18:46:30.846,0.3,0.22,0.21
2025-08-28 18:46:30.865,0.33,0.17,0.13
2025-08-28 18:46:30.886,0.2,0.1,-0.01
2025-08-28 18:46:30.906,-0.0,0.05,-0.1
2025-08-28 18:46:30.932,-0.23,0.03,-0.16
2025-08-28 18:46:30.946,-0.4,-0.0,-0.21
2025-08-28 18:46:30.964,-0.44,-0.04,-0.2
2025-08-28 18:46:30.986,-0.33,-0.03,-0.18
2025-08-28 18:46:31.007,-0.23,-0.05,-0.18
2025-08-28 18:46:31.029,-0.21,-0.08,-0.18
2025-08-28 18:46:31.046,-0.3,-0.1,-0.16
2025-08-28 18:46:31.068,-0.37,-0.09,-0.14
2025-08-28 18:46:31.086,-0.39,-0.08,-0.12
2025-08-28 18:46:31.107,-0.31,-0.08,-0.12
2025-08-28 18:46:31.129,-0.34,-0.14,-0.15
2025-08-28 18:46:31.146,-0.56,-0.22,-0.15
2025-08-28 18:46:31.166,-0.77,-0.28,-0.12
2025-08-28 18:46:31.185,-0.8,-0.28,-0.11
2025-08-28 18:46:31.207,-0.54,-0.31,-0.18
2025-08-28 18:46:31.230,-0.34,-0.32,-0.2
2025-08-28 18:46:31.246,-0.33,-0.3,-0.18
2025-08-28 18:46:31.266,-0.38,-0.24,-0.14
2025-08-28 18:46:31.287,-0.43,-0.15,-0.1
2025-08-28 18:46:31.307,-0.29,-0.11,-0.08
2025-08-28 18:46:31.330,-0.16,-0.09,-0.05
2025-08-28 18:46:31.346,-0.01,-0.09,-0.06
2025-08-28 18:46:31.366,-0.03,-0.09,-0.08
2025-08-28 18:46:31.389,-0.01,-0.06,-0.06
2025-08-28 18:46:31.415,-0.14,-0.11,-0.09
2025-08-28 18:46:31.425,-0.34,-0.14,-0.1
2025-08-28 18:46:31.446,-0.59,-0.13,-0.09
2025-08-28 18:46:31.466,-0.63,-0.08,-0.11
2025-08-28 18:46:31.485,-0.41,-0.1,-0.07
2025-08-28 18:46:31.507,-0.28,-0.16,-0.04
2025-08-28 18:46:31.531,-0.22,-0.12,-0.0
2025-08-28 18:46:31.548,-0.19,-0.12,0.03
2025-08-28 18:46:31.568,-0.14,-0.19,0.02
2025-08-28 18:46:31.587,-0.12,-0.2,0.03
2025-08-28 18:46:31.614,-0.09,-0.11,0.08
2025-08-28 18:46:31.626,0.08,-0.04,0.16
2025-08-28 18:46:31.647,0.18,-0.04,0.18
2025-08-28 18:46:31.666,0.15,-0.05,0.16
2025-08-28 18:46:31.687,0.03,-0.08,0.1
2025-08-28 18:46:31.714,-0.0,-0.05,0.04
2025-08-28 18:46:31.726,0.06,0.02,0.03
2025-08-28 18:46:31.746,0.16,0.07,0.04
2025-08-28 18:46:31.766,0.2,0.08,0.04
2025-08-28 18:46:31.787,0.06,0.12,0.05
2025-08-28 18:46:31.809,-0.09,0.18,0.03
2025-08-28 18:46:31.831,-0.06,0.11,0.06
2025-08-28 18:46:31.851,-0.08,-0.0,0.07
2025-08-28 18:46:31.867,-0.1,-0.06,0.01
2025-08-28 18:46:31.889,-0.26,-0.04,-0.03
2025-08-28 18:46:31.906,-0.29,0.02,-0.05
2025-08-28 18:46:31.927,-0.21,0.01,-0.09
2025-08-28 18:46:31.945,-0.07,-0.05,-0.1
2025-08-28 18:46:31.967,0.04,-0.11,-0.11
2025-08-28 18:46:31.987,0.15,-0.11,-0.12
2025-08-28 18:46:32.011,0.25,-0.02,-0.11
2025-08-28 18:46:32.028,0.24,0.12,-0.07
2025-08-28 18:46:32.047,0.24,0.23,-0.02
2025-08-28 18:46:32.070,0.23,0.27,-0.05
2025-08-28 18:46:32.085,0.34,0.27,-0.08
2025-08-28 18:46:32.114,0.41,0.27,-0.08
2025-08-28 18:46:32.126,0.25,0.22,-0.05
2025-08-28 18:46:32.146,0.12,0.18,-0.0
2025-08-28 18:46:32.169,0.08,0.15,0.0
2025-08-28 18:46:32.190,0.14,0.11,-0.03
2025-08-28 18:46:32.214,0.15,0.06,-0.05
2025-08-28 18:46:32.226,-0.06,0.01,-0.09
2025-08-28 18:46:32.247,-0.23,0.04,-0.07
2025-08-28 18:46:32.268,-0.19,0.15,-0.03
2025-08-28 18:46:32.289,0.01,0.18,0.02
2025-08-28 18:46:32.310,0.16,0.16,0.03
2025-08-28 18:46:32.329,0.01,0.13,-0.0
2025-08-28 18:46:32.351,-0.25,0.16,-0.03
2025-08-28 18:46:32.370,-0.33,0.27,-0.02
2025-08-28 18:46:32.394,-0.34,0.42,-0.02
2025-08-28 18:46:32.409,-0.21,0.41,-0.04
2025-08-28 18:46:32.429,-0.12,0.34,-0.13
2025-08-28 18:46:32.447,-0.22,0.23,-0.19
2025-08-28 18:46:32.468,-0.39,0.08,-0.16
2025-08-28 18:46:32.496,-0.2,-0.01,-0.06
2025-08-28 18:46:32.508,0.04,-0.07,0.01
2025-08-28 18:46:32.528,0.09,-0.1,0.06
2025-08-28 18:46:32.548,-0.01,-0.11,0.16
2025-08-28 18:46:32.569,-0.05,-0.05,0.23
2025-08-28 18:46:32.594,0.11,0.01,0.22
2025-08-28 18:46:32.609,0.38,0.04,0.15
2025-08-28 18:46:32.629,0.52,0.05,0.05
2025-08-28 18:46:32.649,0.34,-0.0,-0.04
2025-08-28 18:46:32.672,-0.03,-0.25,-0.15
2025-08-28 18:46:32.692,-0.25,-0.36,-0.18
2025-08-28 18:46:32.708,-0.62,-0.41,-0.21
2025-08-28 18:46:32.729,-0.92,-0.61,-0.2
2025-08-28 18:46:32.749,-0.8,-0.84,-0.12
2025-08-28 18:46:32.769,-0.82,-1.08,-0.16
2025-08-28 18:46:32.794,-0.75,-1.35,-0.13
2025-08-28 18:46:32.810,-0.43,-1.54,0.03
2025-08-28 18:46:32.831,0.07,-1.42,0.21
2025-08-28 18:46:32.848,0.68,-1.34,0.35
2025-08-28 18:46:32.869,0.99,-1.27,0.55
2025-08-28 18:46:32.896,0.85,-1.19,0.76
2025-08-28 18:46:32.908,0.79,-1.17,0.94
2025-08-28 18:46:32.928,0.99,-1.09,1.12
2025-08-28 18:46:32.949,1.46,-0.98,1.16
2025-08-28 18:46:32.970,3.01,0.19,1.05
2025-08-28 18:46:32.991,3.4,-0.52,0.69
2025-08-28 18:46:33.007,3.7,-1.36,1.33
2025-08-28 18:46:33.028,3.53,-1.27,1.61
2025-08-28 18:46:33.049,3.13,-1.48,1.93
2025-08-28 18:46:33.069,2.65,-1.96,2.48
2025-08-28 18:46:33.093,2.44,-2.11,2.97
2025-08-28 18:46:33.110,2.18,-2.25,3.57
2025-08-28 18:46:33.129,1.52,-2.25,4.15
2025-08-28 18:46:33.150,0.05,-2.09,4.8
2025-08-28 18:46:33.178,-1.16,-2.03,5.04
2025-08-28 18:46:33.189,-1.86,-2.01,5.07
2025-08-28 18:46:33.208,-1.99,-2.06,4.83
2025-08-28 18:46:33.229,-0.81,-2.14,4.53
2025-08-28 18:46:33.250,0.04,-1.87,4.45
2025-08-28 18:46:33.274,0.05,-1.51,4.25
2025-08-28 18:46:33.290,-0.47,-1.11,4.08
2025-08-28 18:46:33.312,-1.34,-0.92,3.77
2025-08-28 18:46:33.330,-1.34,-0.84,3.56
2025-08-28 18:46:33.333,-1.34,-0.84,3.56
2025-08-28 18:46:33.350,-0.55,-0.81,3.31
2025-08-28 18:46:33.374,0.34,-0.6,3.16
2025-08-28 18:46:33.391,1.06,-0.37,2.83
2025-08-28 18:46:33.412,1.36,-0.2,2.56
2025-08-28 18:46:33.432,1.61,-0.09,2.38
2025-08-28 18:46:33.450,1.86,0.03,2.14
2025-08-28 18:46:33.470,2.74,0.11,2.0
2025-08-28 18:46:33.489,3.8,0.33,2.07
2025-08-28 18:46:33.510,4.29,0.59,2.13
2025-08-28 18:46:33.530,4.17,0.79,2.07
2025-08-28 18:46:33.551,3.84,0.85,2.11
2025-08-28 18:46:33.574,3.75,0.96,2.27
2025-08-28 18:46:33.592,3.25,1.05,2.29
2025-08-28 18:46:33.615,2.16,0.99,2.17
2025-08-28 18:46:33.629,1.58,0.91,2.15
2025-08-28 18:46:33.651,0.8,0.74,2.1
2025-08-28 18:46:33.679,0.03,0.7,2.12
2025-08-28 18:46:33.689,-0.87,0.75,1.98
2025-08-28 18:46:33.711,-1.23,0.87,1.81
2025-08-28 18:46:33.732,-1.07,0.96,1.45
2025-08-28 18:46:33.758,-0.79,0.89,1.18
2025-08-28 18:46:33.772,-0.57,0.79,0.95
2025-08-28 18:46:33.791,-0.35,0.75,0.74
2025-08-28 18:46:33.811,-0.36,0.56,0.31
2025-08-28 18:46:33.830,-1.04,0.2,-0.24
2025-08-28 18:46:33.851,-2.37,-0.32,-1.02
2025-08-28 18:46:33.872,-2.43,-0.61,-1.84
2025-08-28 18:46:33.890,-0.35,-0.58,-2.42
2025-08-28 18:46:33.911,1.31,-0.61,-2.65
2025-08-28 18:46:33.934,1.01,-0.92,-2.91
2025-08-28 18:46:33.956,0.59,-1.09,-2.93
2025-08-28 18:46:33.972,0.28,-1.0,-2.42
2025-08-28 18:46:33.990,-0.18,-0.59,-1.58
2025-08-28 18:46:34.011,-0.57,-0.15,-0.97
2025-08-28 18:46:34.031,-1.05,0.15,-0.38
2025-08-28 18:46:34.057,-0.59,0.22,0.29
2025-08-28 18:46:34.070,-0.29,0.3,1.03
2025-08-28 18:46:34.093,0.06,0.59,1.2
2025-08-28 18:46:34.110,0.86,1.03,1.41
2025-08-28 18:46:34.131,1.14,1.39,1.53
2025-08-28 18:46:34.157,1.12,1.62,1.58
2025-08-28 18:46:34.170,1.14,1.85,1.51
2025-08-28 18:46:34.188,1.38,1.98,1.35
2025-08-28 18:46:34.212,1.53,1.95,1.08
2025-08-28 18:46:34.231,1.4,1.88,1.04
2025-08-28 18:46:34.255,0.89,1.83,1.0
2025-08-28 18:46:34.270,0.76,1.82,1.0
2025-08-28 18:46:34.288,-1.04,1.83,0.74
2025-08-28 18:46:34.311,-2.37,1.54,1.33
2025-08-28 18:46:34.330,-3.02,0.54,-0.43
2025-08-28 18:46:34.358,0.93,1.35,-0.41
2025-08-28 18:46:34.370,1.03,1.33,-0.14
2025-08-28 18:46:34.390,0.01,1.11,-0.02
2025-08-28 18:46:34.413,0.56,1.0,-0.35
2025-08-28 18:46:34.432,0.39,0.83,-0.34
2025-08-28 18:46:34.455,-0.46,0.54,-0.5
2025-08-28 18:46:34.470,-0.34,0.45,-0.41
2025-08-28 18:46:34.489,-0.39,0.24,-0.65
2025-08-28 18:46:34.511,0.09,0.15,-0.8
2025-08-28 18:46:34.531,0.26,0.16,-0.84
2025-08-28 18:46:34.554,-0.07,0.23,-0.83
2025-08-28 18:46:34.571,-0.36,0.33,-0.72
2025-08-28 18:46:34.588,-0.51,0.33,-0.67
2025-08-28 18:46:34.612,-0.8,0.26,-0.68
2025-08-28 18:46:34.631,-0.85,0.23,-0.57
2025-08-28 18:46:34.654,-0.77,0.33,-0.42
2025-08-28 18:46:34.670,-0.31,0.41,-0.24
2025-08-28 18:46:34.691,0.11,0.41,-0.16
2025-08-28 18:46:34.711,0.11,0.28,-0.11
2025-08-28 18:46:34.733,0.0,0.28,-0.08
2025-08-28 18:46:34.754,-0.0,0.37,-0.02
2025-08-28 18:46:34.771,-0.15,0.33,0.0
2025-08-28 18:46:34.790,-0.24,0.29,0.0
2025-08-28 18:46:34.811,-0.34,0.26,-0.02
2025-08-28 18:46:34.830,-0.32,0.23,-0.01
2025-08-28 18:46:34.854,-0.33,0.22,-0.07
2025-08-28 18:46:34.871,-0.38,0.23,-0.08
2025-08-28 18:46:34.894,-0.31,0.23,-0.03
2025-08-28 18:46:34.909,-0.33,0.19,0.03
2025-08-28 18:46:34.931,-0.51,0.08,0.08
2025-08-28 18:46:34.957,-0.55,-0.01,0.18
2025-08-28 18:46:34.970,-0.6,-0.08,0.25
2025-08-28 18:46:34.990,-0.64,-0.12,0.29
2025-08-28 18:46:35.011,-0.63,-0.13,0.3
2025-08-28 18:46:35.031,-0.5,-0.16,0.26
2025-08-28 18:46:35.050,-0.44,-0.14,0.21
2025-08-28 18:46:35.069,-0.42,-0.08,0.19
2025-08-28 18:46:35.090,-0.38,-0.1,0.23
2025-08-28 18:46:35.109,-0.31,-0.1,0.1
2025-08-28 18:46:35.129,-0.26,-0.12,0.15
2025-08-28 18:46:35.153,-0.33,-0.13,0.09
2025-08-28 18:46:35.171,-0.2,-0.11,0.05
2025-08-28 18:46:35.191,-0.15,-0.14,0.06
2025-08-28 18:46:35.214,-0.18,-0.18,0.0
2025-08-28 18:46:35.237,-0.13,-0.19,-0.01
2025-08-28 18:46:35.252,-0.1,-0.16,-0.03
2025-08-28 18:46:35.270,-0.14,-0.17,-0.04
2025-08-28 18:46:35.291,-0.04,-0.17,-0.14
2025-08-28 18:46:35.312,0.09,-0.13,-0.17
2025-08-28 18:46:35.338,0.12,-0.09,-0.19
2025-08-28 18:46:35.351,0.09,-0.08,-0.19
2025-08-28 18:46:35.372,0.2,-0.06,-0.11
2025-08-28 18:46:35.390,0.14,-0.05,-0.0
2025-08-28 18:46:35.411,0.11,-0.03,0.01
2025-08-28 18:46:35.437,0.18,-0.03,0.0
2025-08-28 18:46:35.450,0.1,-0.12,0.06
2025-08-28 18:46:35.470,-0.08,-0.18,0.02
2025-08-28 18:46:35.490,-0.08,-0.21,0.04
2025-08-28 18:46:35.510,-0.17,-0.22,0.02
2025-08-28 18:46:35.535,-0.08,-0.17,0.04
2025-08-28 18:46:35.550,0.31,-0.06,-0.06
2025-08-28 18:46:35.568,0.21,-0.03,-0.07
2025-08-28 18:46:35.590,0.2,-0.05,-0.11
2025-08-28 18:46:35.611,0.2,-0.09,-0.17
2025-08-28 18:46:35.638,0.1,-0.12,-0.15
2025-08-28 18:46:35.650,0.05,-0.17,-0.11
2025-08-28 18:46:35.670,0.01,-0.14,-0.15
2025-08-28 18:46:35.692,0.06,-0.11,-0.05
2025-08-28 18:46:35.711,0.06,-0.1,0.0
2025-08-28 18:46:35.734,0.0,-0.05,0.0
2025-08-28 18:46:35.750,0.06,-0.03,-0.01
2025-08-28 18:46:35.770,0.23,0.07,-0.08
2025-08-28 18:46:35.790,0.32,0.14,-0.12
2025-08-28 18:46:35.811,0.3,0.19,-0.12
2025-08-28 18:46:35.835,0.21,0.18,-0.15
2025-08-28 18:46:35.853,0.23,0.19,-0.14
2025-08-28 18:46:35.873,0.18,0.18,-0.14
2025-08-28 18:46:35.889,0.1,0.18,-0.11
2025-08-28 18:46:35.910,0.1,0.19,-0.05
2025-08-28 18:46:35.938,0.07,0.19,-0.01
2025-08-28 18:46:35.949,0.0,0.19,0.02
2025-08-28 18:46:35.968,-0.05,0.18,0.05
2025-08-28 18:46:35.988,-0.07,0.18,0.1
2025-08-28 18:46:36.010,-0.14,0.18,0.1
