timestamp,ax,ay,az,gx,gy,gz
1757571564270,1.70946,5.233725,8.159439,-0.013439035,-0.089186326,-0.04886922
1757571564270,1.70946,5.233725,8.159439,-0.012217305,0.028099801,-0.007330383
1757571564343,1.6879122,5.161899,7.9942393,-0.012217305,0.028099801,-0.007330383
1757571564344,1.6879122,5.161899,7.9942393,0.59742624,-0.065973446,0.036651913
1757571564344,1.8243817,5.3486466,8.231265,0.59742624,-0.065973446,0.036651913
1757571564344,1.8243817,5.3486466,8.231265,-0.6206391,-0.1001819,-0.061086524
1757571564344,1.7980455,5.21936,8.128315,-0.6206391,-0.1001819,-0.061086524
1757571564344,1.7980455,5.21936,8.128315,-0.11728613,0.030543262,0.019547688
1757571564364,1.8100165,5.255273,8.178593,-0.11728613,0.030543262,0.019547688
1757571564364,1.8100165,5.255273,8.178593,-0.089186326,0.03176499,0.021991149
1757571564367,1.8866309,5.2026005,8.279149,-0.089186326,0.03176499,0.021991149
1757571564367,1.8866309,5.2026005,8.279149,-0.043982297,0.032986723,0.02565634
1757571564387,1.7932571,5.2983685,8.274361,-0.043982297,0.032986723,0.02565634
1757571564388,1.7932571,5.2983685,8.274361,-0.02565634,0.03176499,0.021991149
1757571564407,1.8219875,5.2049947,8.250419,-0.02565634,0.03176499,0.021991149
1757571564407,1.8219875,5.2049947,8.250419,-0.02687807,0.02443461,0.02321288
1757571564427,1.7645266,5.2145715,8.298303,-0.02687807,0.02443461,0.02321288
1757571564427,1.7645266,5.2145715,8.298303,-0.015882496,0.014660766,0.009773844
1757571564447,1.8866309,5.207389,8.288726,-0.015882496,0.014660766,0.009773844
1757571564448,1.8866309,5.207389,8.288726,-0.02321288,0.0,0.0036651916
1757571564467,1.8579005,5.2289367,8.310274,-0.02321288,0.0,0.0036651916
1757571564468,1.8579005,5.2289367,8.310274,-0.029321533,-0.007330383,0.0036651916
1757571564487,1.8435353,5.3079453,8.252813,-0.029321533,-0.007330383,0.0036651916
1757571564487,1.8435353,5.3079453,8.252813,-0.043982297,-0.004886922,0.013439035
1757571564508,1.8171991,5.267244,8.329428,-0.043982297,-0.004886922,0.013439035
1757571564508,1.8171991,5.267244,8.329428,-0.039095376,-0.007330383,0.013439035
1757571564528,1.7764976,5.233725,8.221688,-0.039095376,-0.007330383,0.013439035
1757571564528,1.7764976,5.233725,8.221688,-0.04886922,-0.0012217305,0.0061086523
1757571564550,1.757344,5.2385135,8.228871,-0.04886922,-0.0012217305,0.0061086523
1757571564550,1.757344,5.2385135,8.228871,-0.034208454,-0.015882496,0.012217305
1757571564568,1.8411411,5.231331,8.334216,-0.034208454,-0.015882496,0.012217305
1757571564569,1.8411411,5.231331,8.334216,-0.014660766,-0.028099801,0.047647487
1757571564589,1.8555063,5.2480903,8.264784,-0.014660766,-0.028099801,0.047647487
1757571564590,1.8555063,5.2480903,8.264784,-0.009773844,-0.043982297,0.06841691
1757571564608,1.9129672,5.245696,8.300697,-0.009773844,-0.043982297,0.06841691
1757571564608,1.9129672,5.245696,8.300697,0.021991149,-0.064751714,0.103847094
1757571564629,1.8195933,5.3582234,8.310274,0.021991149,-0.064751714,0.103847094
1757571564629,1.8195933,5.3582234,8.310274,-0.010995574,-0.057421334,0.10873401
1757571564650,1.9919758,5.949591,8.1881695,-0.010995574,-0.057421334,0.10873401
1757571564650,1.9919758,5.949591,8.1881695,-0.49846604,-0.052534413,0.38973203
1757571564670,2.0494366,4.9679685,8.317456,-0.49846604,-0.052534413,0.38973203
1757571564671,2.0494366,4.9679685,8.317456,-0.4092797,-0.19792034,0.26511553
1757571564690,1.2114661,5.5976434,7.9726915,-0.4092797,-0.19792034,0.26511553
1757571564690,1.2114661,5.5976434,7.9726915,-0.79901177,-0.03176499,0.3848451
1757571564709,1.1372458,6.0166287,7.565677,-0.79901177,-0.03176499,0.3848451
1757571564710,1.1372458,6.0166287,7.565677,-1.7055358,-0.06963864,0.53878313
1757571564729,0.8619126,5.592855,7.608773,-1.7055358,-0.06963864,0.53878313
1757571564730,0.8619126,5.592855,7.608773,-2.7989845,-0.111177474,0.73426
1757571564751,1.1228806,4.9799395,7.9463553,-2.7989845,-0.111177474,0.73426
1757571564751,1.1228806,4.9799395,7.9463553,-3.8289034,-0.1685988,0.9334021
1757571564769,1.6232687,3.7229836,8.104373,-3.8289034,-0.1685988,0.9334021
1757571564770,1.6232687,3.7229836,8.104373,-4.84294,-0.22602014,1.0067059
1757571564789,2.0901382,2.7581203,8.827422,-4.84294,-0.22602014,1.0067059
1757571564790,2.0901382,2.7581203,8.827422,-5.839872,-0.21868975,1.0189233
1757571564809,1.910573,1.1492168,9.7803135,-5.839872,-0.21868975,1.0189233
1757571564810,1.910573,1.1492168,9.7803135,-7.038389,-0.1881465,1.0225884
1757571564829,1.5346833,-0.40222588,9.706094,-7.038389,-0.1881465,1.0225884
1757571564830,1.5346833,-0.40222588,9.706094,-9.535606,-0.42271876,0.93951076
1757571564850,1.5682021,-0.78769237,7.965509,-9.535606,-0.42271876,0.93951076
1757571564852,1.5682021,-0.78769237,7.965509,-11.996172,-0.66339964,0.8368854
1757571564870,2.195483,0.92416185,3.8426938,-11.996172,-0.66339964,0.8368854
1757571564871,2.195483,0.92416185,3.8426938,-15.241088,-1.2009611,0.34697145
1757571564890,1.6663644,-1.6304513,-2.231396,-15.241088,-1.2009611,0.34697145
1757571564891,1.6663644,-1.6304513,-2.231396,-17.96799,-1.359786,0.14049901
1757571564909,2.078167,-7.180211,-9.095572,-17.96799,-1.359786,0.14049901
1757571564910,2.078167,-7.180211,-9.095572,-18.707138,-0.88086766,-0.057421334
1757571564930,4.9919105,-12.981361,-9.665392,-18.707138,-0.88086766,-0.057421334
1757571564931,4.9919105,-12.981361,-9.665392,-16.91608,-0.5290093,-0.7086037
1757571564951,4.72376,-13.912706,-11.161768,-16.91608,-0.5290093,-0.7086037
1757571564952,4.72376,-13.912706,-11.161768,-13.497679,0.12339478,-1.6688838
1757571564970,3.2010477,-11.925519,-9.782708,-13.497679,0.12339478,-1.6688838
1757571564971,3.2010477,-11.925519,-9.782708,-7.870388,0.267559,-1.9315559
1757571564991,3.3279405,-6.14831,-7.7691846,-7.870388,0.267559,-1.9315559
1757571564992,3.3279405,-6.14831,-7.7691846,-0.77946407,-0.05497787,-1.4721853
1757571565009,4.582502,-6.7612257,-6.184223,-0.77946407,-0.05497787,-1.4721853
1757571565011,4.582502,-6.7612257,-6.184223,0.8698721,-0.09162979,-1.1801916
1757571565030,5.104438,-7.632715,-6.1243677,0.8698721,-0.09162979,-1.1801916
1757571565031,5.104438,-7.632715,-6.1243677,1.0714576,-0.10262536,-0.8979719
1757571565051,4.19943,-8.511387,-7.03177,1.0714576,-0.10262536,-0.8979719
1757571565052,4.19943,-8.511387,-7.03177,1.2815952,0.035430185,-0.6096435
1757571565070,4.015076,-8.925584,-7.5800424,1.2815952,0.035430185,-0.6096435
1757571565071,4.015076,-8.925584,-7.5800424,2.7440066,0.0720821,-0.3811799
1757571565090,4.0916905,-8.880095,-6.859388,2.7440066,0.0720821,-0.3811799
1757571565091,4.0916905,-8.880095,-6.859388,5.281541,-0.04886922,-0.035430185
1757571565111,4.6160207,-10.386047,-5.5377884,5.281541,-0.04886922,-0.035430185
1757571565112,4.6160207,-10.386047,-5.5377884,8.483697,-0.18936823,0.35430184
1757571565130,5.2169657,-11.204864,-3.7062242,8.483697,-0.18936823,0.35430184
1757571565131,5.2169657,-11.204864,-3.7062242,12.054814,-0.28710666,0.7318166
1757571565149,4.630386,-9.694122,-2.348712,12.054814,-0.28710666,0.7318166
1757571565150,4.630386,-9.694122,-2.348712,15.022398,-0.35063666,0.5705481
1757571565169,4.6926355,-5.315128,0.81402856,15.022398,-0.35063666,0.5705481
1757571565170,4.6926355,-5.315128,0.81402856,17.256943,-0.6768387,-0.5510005
1757571565189,4.43885,-2.3080103,2.8874073,17.256943,-0.6768387,-0.5510005
1757571565190,4.43885,-2.3080103,2.8874073,17.18364,-0.4642576,-0.6914995
1757571565211,5.3127337,1.7525556,3.8402996,17.18364,-0.4642576,-0.6914995
1757571565212,5.3127337,1.7525556,3.8402996,16.321098,-0.5326745,-0.66950834
1757571565230,6.0142345,6.021417,5.839458,16.321098,-0.5326745,-0.66950834
1757571565232,6.0142345,6.021417,5.839458,15.019955,-0.39461896,-0.7464773
1757571565251,5.1642933,9.890448,10.199299,15.019955,-0.39461896,-0.7464773
1757571565253,5.1642933,9.890448,10.199299,12.196535,0.13072516,-0.9773844
1757571565270,5.0757074,7.098808,9.648633,12.196535,0.13072516,-0.9773844
1757571565271,5.0757074,7.098808,9.648633,7.3633695,0.10140363,-1.4355333
1757571565290,4.88896,5.98311,7.249643,7.3633695,0.10140363,-1.4355333
1757571565292,4.88896,5.98311,7.249643,1.5503759,0.14782938,-1.0677924
1757571565310,4.1635165,2.695871,6.543353,1.5503759,0.14782938,-1.0677924
1757571565312,4.1635165,2.695871,6.543353,-1.5283848,0.3726278,-0.87109387
1757571565331,3.7134068,2.7485435,7.053318,-1.5283848,0.3726278,-0.87109387
1757571565332,3.7134068,2.7485435,7.053318,-2.5216517,0.7623598,-0.5009095
1757571565352,3.6056678,2.3439236,9.868899,-2.5216517,0.7623598,-0.5009095
1757571565353,3.6056678,2.3439236,9.868899,-2.244319,0.8503244,-0.25289822
1757571565371,3.3087866,3.4404678,10.280702,-2.244319,0.8503244,-0.25289822
1757571565372,3.3087866,3.4404678,10.280702,-3.7775908,0.7806858,-0.14660765
1757571565391,3.4356794,2.4372973,10.326192,-3.7775908,0.7806858,-0.14660765
1757571565393,3.4356794,2.4372973,10.326192,-5.8875194,0.54611355,-0.017104227
1757571565410,3.3494883,-0.38307226,8.813056,-5.8875194,0.54611355,-0.017104227
1757571565411,3.3494883,-0.38307226,8.813056,-8.649852,0.48747048,-0.02687807
1757571565430,3.4141316,-1.7621324,7.3909006,-8.649852,0.48747048,-0.02687807
1757571565432,3.4141316,-1.7621324,7.3909006,-11.784812,0.30665436,-0.15882497
1757571565451,3.5649664,-3.8379054,6.481104,-11.784812,0.30665436,-0.15882497
1757571565452,3.5649664,-3.8379054,6.481104,-13.72492,-0.09040806,-0.15760323
1757571565471,3.1316159,-6.205771,4.283227,-13.72492,-0.09040806,-0.15760323
1757571565472,3.1316159,-6.205771,4.283227,-14.170852,-0.065973446,0.05131268
1757571565492,3.5482068,-7.771579,3.311181,-14.170852,-0.065973446,0.05131268
1757571565493,3.5482068,-7.771579,3.311181,-13.610078,-0.23579398,-0.24190263
1757571565510,4.498705,-5.3558292,-0.92895025,-13.610078,-0.23579398,-0.24190263
1757571565511,4.498705,-5.3558292,-0.92895025,-12.841609,-0.119729586,-0.54244834
1757571565531,4.3981485,-6.241684,-2.980781,-12.841609,-0.119729586,-0.54244834
1757571565532,4.3981485,-6.241684,-2.980781,-11.336437,0.061086524,-0.75502944
1757571565551,3.976769,-9.028535,-4.3742065,-11.336437,0.061086524,-0.75502944
1757571565552,3.976769,-9.028535,-4.3742065,-9.325469,0.35918877,-0.6951646
1757571565571,3.5553896,-10.675745,-5.243302,-9.325469,0.35918877,-0.6951646
1757571565573,3.5553896,-10.675745,-5.243302,-6.6474357,0.44226643,-0.4728097
1757571565591,3.2800562,-10.807426,-4.3502645,-6.6474357,0.44226643,-0.4728097
1757571565593,3.2800562,-10.807426,-4.3502645,-3.5369098,0.26633725,-0.27000242
1757571565612,1.9249382,-10.800244,-3.5218706,-3.5369098,0.26633725,-0.27000242
1757571565613,1.9249382,-10.800244,-3.5218706,-0.21991149,0.059864793,0.11728613
1757571565631,2.8299465,-11.530476,-5.1882353,-0.21991149,0.059864793,0.11728613
1757571565632,2.8299465,-11.530476,-5.1882353,2.9749138,-0.23457226,0.09407325
1757571565652,3.86903,-12.442666,-5.41329,2.9749138,-0.23457226,0.09407325
1757571565654,3.86903,-12.442666,-5.41329,5.756794,-0.45814893,0.21380283
1757571565671,4.0677485,-11.774684,-4.355053,5.756794,-0.45814893,0.21380283
1757571565672,4.0677485,-11.774684,-4.355053,6.8795643,-0.2724459,0.15515977
1757571565691,4.381389,-10.101137,-3.0358477,6.8795643,-0.2724459,0.15515977
1757571565692,4.381389,-10.101137,-3.0358477,8.547227,-0.02076942,0.111177474
1757571565712,4.4005427,-8.789114,-0.35913026,8.547227,-0.02076942,0.111177474
1757571565713,4.4005427,-8.789114,-0.35913026,9.624793,0.15271631,0.13683382
1757571565732,4.4196963,-8.018182,1.42455,9.624793,0.15271631,0.13683382
1757571565734,4.4196963,-8.018182,1.42455,10.963809,0.13683382,-0.17470746
1757571565751,4.534618,-7.0102224,3.7181952,10.963809,0.13683382,-0.17470746
1757571565752,4.534618,-7.0102224,3.7181952,12.053593,0.032986723,-0.51923543
1757571565771,4.261679,-4.2066126,4.3382936,12.053593,0.032986723,-0.51923543
1757571565772,4.261679,-4.2066126,4.3382936,12.123232,0.16493362,-0.6939429
1757571565792,4.3861775,-0.557849,4.6686935,12.123232,0.16493362,-0.6939429
1757571565793,4.3861775,-0.557849,4.6686935,11.849564,0.23823744,-0.95294976
1757571565810,4.76925,2.018312,4.7620673,11.849564,0.23823744,-0.95294976
1757571565812,4.76925,2.018312,4.7620673,11.333994,0.30909783,-1.1508701
1757571565831,4.8362875,5.2504845,6.0166287,11.333994,0.30909783,-1.1508701
1757571565832,4.8362875,5.2504845,6.0166287,10.00353,0.43249258,-1.1252137
1757571565851,3.6846764,6.129156,7.620744,10.00353,0.43249258,-1.1252137
1757571565852,3.6846764,6.129156,7.620744,6.4922757,0.8454375,-1.0580186
1757571565870,2.9281087,7.762002,7.704541,6.4922757,0.8454375,-1.0580186
1757571565871,2.9281087,7.762002,7.704541,2.7855456,0.88697636,-0.72204274
1757571565891,3.229778,7.750031,9.157822,2.7855456,0.88697636,-0.72204274
1757571565893,3.229778,7.750031,9.157822,-0.41538838,0.8051204,-0.28588495
1757571565910,3.3494883,2.9137435,9.193734,-0.41538838,0.8051204,-0.28588495
1757571565911,3.3494883,2.9137435,9.193734,-2.180789,0.6560693,-0.04642576
1757571565931,2.779668,-2.3104045,9.32781,-2.180789,0.6560693,-0.04642576
1757571565932,2.779668,-2.3104045,9.32781,-1.5015068,0.3371976,-0.043982297
1757571565951,2.779668,-1.8770541,9.818622,-1.5015068,0.3371976,-0.043982297
1757571565952,2.779668,-1.8770541,9.818622,1.251052,0.2919936,-0.17348573
1757571565970,3.3901896,3.1555579,9.615114,1.251052,0.2919936,-0.17348573
1757571565971,3.3901896,3.1555579,9.615114,2.8344147,0.45937067,-0.39828414
1757571565991,4.086902,7.1059904,9.85214,2.8344147,0.45937067,-0.39828414
1757571565992,4.086902,7.1059904,9.85214,1.8716911,0.48747048,-0.24312437
1757571566010,3.4452562,8.647857,10.773908,1.8716911,0.48747048,-0.24312437
1757571566011,3.4452562,8.647857,10.773908,-1.5296066,0.56077427,-0.043982297
1757571566031,2.4349031,6.8881183,7.833828,-1.5296066,0.56077427,-0.043982297
1757571566032,2.4349031,6.8881183,7.833828,-8.83189,0.18325958,0.056199603
1757571566051,3.1986535,2.4660277,5.140351,-8.83189,0.18325958,0.056199603
1757571566052,3.1986535,2.4660277,5.140351,-12.317487,0.007330383,0.26633725
1757571566071,4.0318356,-2.8443117,2.6240451,-12.317487,0.007330383,0.26633725
1757571566073,4.0318356,-2.8443117,2.6240451,-14.566692,0.172264,0.4166101
1757571566091,4.268862,-4.984728,-0.2633622,-14.566692,0.172264,0.4166101
1757571566092,4.268862,-4.984728,-0.2633622,-15.922813,0.39950588,0.6230826
1757571566111,3.4500446,-7.9846625,-0.24660277,-15.922813,0.39950588,0.6230826
1757571566112,3.4500446,-7.9846625,-0.24660277,-15.519643,0.82711154,0.7415904
1757571566130,2.621651,-12.65575,-3.6655228,-15.519643,0.82711154,0.7415904
1757571566131,2.621651,-12.65575,-3.6655228,-13.72492,0.9419542,0.31520647
1757571566151,2.4612393,-15.1936035,-2.8802247,-13.72492,0.9419542,0.31520647
1757571566152,2.4612393,-15.1936035,-2.8802247,-11.259468,0.95172805,0.2443461
1757571566171,3.1890767,-13.828909,-2.7868507,-11.259468,0.95172805,0.2443461
1757571566172,3.1890767,-13.828909,-2.7868507,-8.631526,0.5571091,0.21868975
1757571566191,3.3039982,-12.13142,-2.765303,-8.631526,0.5571091,0.21868975
1757571566192,3.3039982,-12.13142,-2.765303,-6.2735863,0.5290093,-0.096516706
1757571566211,2.0805612,-11.657368,-1.7645266,-6.2735863,0.5290093,-0.096516706
1757571566212,2.0805612,-11.657368,-1.7645266,-3.6957347,0.6010914,-0.18448131
1757571566231,1.4149733,-10.737994,-1.2449849,-3.6957347,0.6010914,-0.18448131
1757571566232,1.4149733,-10.737994,-1.2449849,-2.0720549,0.35430184,-0.21135938
1757571566251,1.283292,-10.139444,-0.9696517,-2.0720549,0.35430184,-0.21135938
1757571566252,1.283292,-10.139444,-0.9696517,-0.14049901,0.0,-0.24678956
1757571566270,1.2497733,-10.5680065,-2.6479871,-0.14049901,0.0,-0.24678956
1757571566271,1.2497733,-10.5680065,-2.6479871,1.8704693,-0.35185838,-0.2443461
1757571566291,2.0254946,-12.413936,-4.6950297,1.8704693,-0.35185838,-0.2443461
1757571566292,2.0254946,-12.413936,-4.6950297,4.1355577,-0.689056,-0.20647246
1757571566311,2.336741,-13.034034,-4.7644615,4.1355577,-0.689056,-0.20647246
1757571566313,2.336741,-13.034034,-4.7644615,6.133087,-0.65118235,-0.2724459
1757571566331,1.8650831,-11.130644,-4.7979803,6.133087,-0.65118235,-0.2724459
1757571566333,1.8650831,-11.130644,-4.7979803,7.69568,-0.5705481,-0.3200934
1757571566351,1.7118542,-9.794679,-2.8993783,7.69568,-0.5705481,-0.3200934
1757571566352,1.7118542,-9.794679,-2.8993783,8.708495,-0.45204028,-0.48747048
1757571566371,1.6879122,-9.054871,0.6847417,8.708495,-0.45204028,-0.48747048
1757571566373,1.6879122,-9.054871,0.6847417,9.4012165,-0.3848451,-0.5729916
1757571566391,2.2888567,-8.441956,2.396596,9.4012165,-0.3848451,-0.5729916
1757571566394,2.2888567,-8.441956,2.396596,10.046289,-0.5681047,-0.6291912
1757571566410,3.4261026,-7.285556,2.9376855,10.046289,-0.5681047,-0.6291912
1757571566411,3.4261026,-7.285556,2.9376855,10.356609,-0.62796944,-0.73548174
1757571566431,3.9911342,-4.3742065,2.9496565,10.356609,-0.62796944,-0.73548174
1757571566432,3.9911342,-4.3742065,2.9496565,9.557597,-0.38240165,-0.75869465
1757571566451,4.537012,-1.7405846,4.915296,9.557597,-0.38240165,-0.75869465
1757571566452,4.537012,-1.7405846,4.915296,8.360302,-0.111177474,-0.79168135
1757571566471,4.1826706,1.2569559,6.1387334,8.360302,-0.111177474,-0.79168135
1757571566472,4.1826706,1.2569559,6.1387334,6.550919,0.16493362,-0.79045963
1757571566491,3.6391866,2.6144683,6.6079965,6.550919,0.16493362,-0.79045963
1757571566492,3.6391866,2.6144683,6.6079965,5.3230796,0.453262,-0.6768387
1757571566511,2.5330653,-0.04309563,8.319851,5.3230796,0.453262,-0.6768387
1757571566512,2.5330653,-0.04309563,8.319851,5.177694,0.35308012,-0.39095375
1757571566531,2.8898015,-0.23463176,8.841787,5.177694,0.35308012,-0.39095375
1757571566532,2.8898015,-0.23463176,8.841787,5.589417,-0.04642576,-0.41050145
1757571566552,2.408567,2.56419,9.660604,5.589417,-0.04642576,-0.41050145
1757571566553,2.408567,2.56419,9.660604,6.338338,0.21380283,-0.6389651
1757571566571,2.3175871,5.518635,8.911219,6.338338,0.21380283,-0.6389651
1757571566572,2.3175871,5.518635,8.911219,5.404936,0.22724187,-0.675617
1757571566588,2.7605145,6.9623384,9.445126,5.404936,0.22724187,-0.675617
1757571566588,2.7605145,6.9623384,9.445126,3.9816196,0.05009095,-0.31031954
1757571566609,2.5953147,5.2983685,9.375694,3.9816196,0.05009095,-0.31031954
1757571566610,2.5953147,5.2983685,9.375694,2.0231857,-0.014660766,-0.06841691
1757571566628,2.2481554,3.4931402,9.018958,2.0231857,-0.014660766,-0.06841691
1757571566629,2.2481554,3.4931402,9.018958,0.18570304,-0.07941248,0.05131268
1757571566649,2.123657,3.799598,8.468291,0.18570304,-0.07941248,0.05131268
1757571566650,2.123657,3.799598,8.468291,-0.5693264,-0.021991149,0.07574729
1757571566669,2.6001031,4.2401314,9.193734,-0.5693264,-0.021991149,0.07574729
1757571566670,2.6001031,4.2401314,9.193734,-0.27366763,0.0,0.1160644
1757571566690,2.834735,5.0517654,9.251195,-0.27366763,0.0,0.1160644
1757571566690,2.834735,5.0517654,9.251195,-0.3640757,-0.043982297,0.21868975
1757571566710,2.8491,4.5920787,8.911219,-0.3640757,-0.043982297,0.21868975
1757571566711,2.8491,4.5920787,8.911219,-1.1484267,-0.04520403,0.3286455
1757571566731,2.8419175,4.745308,9.464279,-1.1484267,-0.04520403,0.3286455
1757571566732,2.8419175,4.745308,9.464279,-3.5063665,0.019547688,0.41783184
1757571566751,2.6192567,4.072537,9.7324295,-3.5063665,0.019547688,0.41783184
1757571566752,2.6192567,4.072537,9.7324295,-5.7274723,0.18325958,0.46303585
1757571566769,2.4037786,2.741361,10.737994,-5.7274723,0.18325958,0.46303585
1757571566770,2.4037786,2.741361,10.737994,-8.853881,0.25778514,0.2968805
1757571566790,4.8602295,1.946486,10.582372,-8.853881,0.25778514,0.2968805
1757571566791,4.8602295,1.946486,10.582372,-12.804957,0.30909783,-0.013439035
1757571566810,4.3502645,-0.85473,4.4675803,-12.804957,0.30909783,-0.013439035
1757571566811,4.3502645,-0.85473,4.4675803,-15.834849,0.312763,-0.04886922
1757571566831,3.3854012,-5.5880666,1.6519991,-15.834849,0.312763,-0.04886922
1757571566832,3.3854012,-5.5880666,1.6519991,-16.317432,0.24801129,0.111177474
1757571566851,2.777274,-10.01734,1.0654198,-16.317432,0.24801129,0.111177474
1757571566852,2.777274,-10.01734,1.0654198,-15.462221,0.5448918,0.06719518
1757571566870,3.3375173,-11.437101,-1.1061212,-15.462221,0.5448918,0.06719518
1757571566871,3.3375173,-11.437101,-1.1061212,-13.9179535,0.5180137,-0.24190263
1757571566890,3.5362358,-11.204864,-2.3056161,-13.9179535,0.5180137,-0.24190263
1757571566891,3.5362358,-11.204864,-2.3056161,-10.574078,0.4092797,-0.5314528
1757571566910,3.2202013,-9.251195,-2.1571758,-10.574078,0.4092797,-0.5314528
1757571566912,3.2202013,-9.251195,-2.1571758,-8.078082,0.3652974,-0.53878313
1757571566930,2.7485435,-7.800309,-3.6008794,-8.078082,0.3652974,-0.53878313
1757571566931,2.7485435,-7.800309,-3.6008794,-6.0720005,0.34697145,-0.59131753
1757571566950,2.5187001,-7.639898,-4.7189717,-6.0720005,0.34697145,-0.59131753
1757571566952,2.5187001,-7.639898,-4.7189717,-4.0231586,0.16126843,-0.27122417
1757571566970,3.0669725,-8.2169,-5.463568,-4.0231586,0.16126843,-0.27122417
1757571566972,3.0669725,-8.2169,-5.463568,-2.3335052,-0.080634214,-0.111177474
1757571566989,3.347094,-9.129091,-5.2049947,-2.3335052,-0.080634214,-0.111177474
1757571566990,3.347094,-9.129091,-5.2049947,-0.82344633,-0.13561209,0.0012217305
1757571567009,2.9759927,-9.241618,-5.0613422,-0.82344633,-0.13561209,0.0012217305
1757571567010,2.9759927,-9.241618,-5.0613422,0.75625116,-0.15271631,0.02687807
1757571567031,2.7581203,-9.25359,-4.9105077,0.75625116,-0.15271631,0.02687807
1757571567032,2.7581203,-9.25359,-4.9105077,2.7550023,-0.29932398,0.15515977
1757571567051,3.1387985,-9.813833,-4.8386817,2.7550023,-0.29932398,0.15515977
1757571567052,3.1387985,-9.813833,-4.8386817,4.9895473,-0.4605924,0.18448131
1757571567070,3.5482068,-10.745177,-3.359065,4.9895473,-0.4605924,0.18448131
1757571567072,3.5482068,-10.745177,-3.359065,8.449488,-0.6401868,0.36896262
1757571567088,3.2872388,-10.55843,-2.3750482,8.449488,-0.6401868,0.36896262
1757571567088,3.2872388,-10.55843,-2.3750482,10.144029,-0.5534439,0.35185838
1757571567108,2.837129,-9.866506,-0.6919243,10.144029,-0.5534439,0.35185838
1757571567108,2.837129,-9.866506,-0.6919243,11.31689,-0.35796702,0.17837265
1757571567128,2.6144683,-8.5473,1.3311762,11.31689,-0.35796702,0.17837265
1757571567129,2.6144683,-8.5473,1.3311762,12.186762,-0.34330627,-0.008552114
1757571567148,2.7461493,-7.240066,3.8881836,12.186762,-0.34330627,-0.008552114
1757571567149,2.7461493,-7.240066,3.8881836,13.116499,-0.43982297,-0.15515977
1757571567169,3.1675289,-5.2480903,4.5202527,13.116499,-0.43982297,-0.15515977
1757571567170,3.1675289,-5.2480903,4.5202527,14.194065,-0.6169739,-0.34697145
1757571567191,4.429273,-2.6839,4.9057193,14.194065,-0.6169739,-0.34697145
1757571567192,4.429273,-2.6839,4.9057193,14.770721,-0.7648033,-0.643852
1757571567211,4.5896845,0.33279404,4.280833,14.770721,-0.7648033,-0.643852
1757571567212,4.5896845,0.33279404,4.280833,14.503162,-0.32986724,-0.8393288
1757571567230,3.952827,5.1642933,5.221754,14.503162,-0.32986724,-0.8393288
1757571567231,3.952827,5.1642933,5.221754,13.0370865,0.030543262,-0.8002335
1757571567250,3.6750996,14.42746,9.461885,13.0370865,0.030543262,-0.8002335
1757571567252,3.6750996,14.42746,9.461885,6.0597835,0.25534168,-0.4288274
1757571567270,3.7565024,10.565612,10.546458,6.0597835,0.25534168,-0.4288274
1757571567272,3.7565024,10.565612,10.546458,0.34697145,0.043982297,0.09162979
1757571567290,3.4117374,4.012682,8.532935,0.34697145,0.043982297,0.09162979
1757571567291,3.4117374,4.012682,8.532935,-3.6297612,-0.1001819,0.19547687
1757571567312,3.6128504,-0.320823,7.785944,-3.6297612,-0.1001819,0.19547687
1757571567313,3.6128504,-0.320823,7.785944,-3.9241984,-0.09773844,0.12095132
1757571567331,3.4380736,-0.21547815,8.154651,-3.9241984,-0.09773844,0.12095132
1757571567332,3.4380736,-0.21547815,8.154651,-1.6823229,0.08307768,0.021991149
1757571567349,3.4739866,3.0214825,8.468291,-1.6823229,0.08307768,0.021991149
1757571567350,3.4739866,3.0214825,8.468291,-0.02565634,0.17348573,0.019547688
1757571567370,3.4356794,4.807557,9.279925,-0.02565634,0.17348573,0.019547688
1757571567371,3.4356794,4.807557,9.279925,-0.41538838,0.2687807,0.11362094
1757571567391,2.9951463,5.21936,9.818622,-0.41538838,0.2687807,0.11362094
1757571567393,2.9951463,5.21936,9.818622,-2.5558603,0.3213151,0.05131268
1757571567411,2.7940333,2.6791117,9.825804,-2.5558603,0.3213151,0.05131268
1757571567412,2.7940333,2.6791117,9.825804,-6.900334,0.32986724,-0.047647487
1757571567431,3.2561142,-0.07182605,8.24563,-6.900334,0.32986724,-0.047647487
1757571567432,3.2561142,-0.07182605,8.24563,-9.65778,0.1881465,-0.09162979
1757571567451,3.7948096,-2.813187,6.945579,-9.65778,0.1881465,-0.09162979
1757571567452,3.7948096,-2.813187,6.945579,-11.906985,0.15760323,-0.118507855
1757571567473,4.3742065,-4.9296613,6.7133417,-11.906985,0.15760323,-0.118507855
1757571567474,4.3742065,-4.9296613,6.7133417,-13.241115,0.1966986,-0.1441642
1757571567491,3.3925838,-5.6790466,5.9304376,-13.241115,0.1966986,-0.1441642
1757571567492,3.3925838,-5.6790466,5.9304376,-13.711481,0.6267477,0.15027285
1757571567511,3.016694,-8.240842,4.6782703,-13.711481,0.6267477,0.15027285
1757571567512,3.016694,-8.240842,4.6782703,-12.901474,0.47525316,-0.05131268
1757571567531,3.301604,-8.374918,2.7964275,-12.901474,0.47525316,-0.05131268
1757571567532,3.301604,-8.374918,2.7964275,-12.388348,0.33353242,-0.33475417
1757571567551,3.2034419,-6.289568,0.19632454,-12.388348,0.33353242,-0.33475417
1757571567552,3.2034419,-6.289568,0.19632454,-12.268618,0.17715092,-0.50946164
1757571567570,2.8921957,-5.695806,-2.681506,-12.268618,0.17715092,-0.50946164
1757571567572,2.8921957,-5.695806,-2.681506,-11.475715,0.07941248,-0.6291912
1757571567591,1.8746599,-8.772355,-8.049306,-11.475715,0.07941248,-0.6291912
1757571567592,1.8746599,-8.772355,-8.049306,-8.141612,0.1563815,-0.2443461
1757571567611,2.846706,-10.680533,-8.978256,-8.141612,0.1563815,-0.2443461
1757571567612,2.846706,-10.680533,-8.978256,-3.7409387,-0.14782938,-0.07086037
1757571567631,3.952827,-9.753978,-8.214506,-3.7409387,-0.14782938,-0.07086037
1757571567633,3.952827,-9.753978,-8.214506,0.21380283,-0.26145032,-0.002443461
1757571567651,4.189853,-8.276755,-5.8226986,0.21380283,-0.26145032,-0.002443461
1757571567652,4.189853,-8.276755,-5.8226986,2.2467623,-0.16737708,-0.012217305
1757571567671,3.5338416,-7.917625,-3.9504328,2.2467623,-0.16737708,-0.012217305
1757571567672,3.5338416,-7.917625,-3.9504328,2.502104,-0.09407325,0.095294975
1757571567690,3.1507695,-8.688558,-3.9073372,2.502104,-0.09407325,0.095294975
1757571567692,3.1507695,-8.688558,-3.9073372,2.4263568,-0.10140363,0.15882497
1757571567711,2.9113493,-9.765948,-3.809175,2.4263568,-0.10140363,0.15882497
1757571567712,2.9113493,-9.765948,-3.809175,3.4660494,-0.118507855,0.24556783
1757571567731,2.8802247,-10.931925,-3.2728736,3.4660494,-0.118507855,0.24556783
1757571567732,2.8802247,-10.931925,-3.2728736,5.738468,-0.23701571,0.31520647
1757571567752,2.8634653,-11.729194,-2.6384103,5.738468,-0.23701571,0.31520647
1757571567754,2.8634653,-11.729194,-2.6384103,9.5844755,-0.41416663,0.37140608
1757571567769,2.7724855,-11.061212,-1.1109096,9.5844755,-0.41416663,0.37140608
1757571567770,2.7724855,-11.061212,-1.1109096,11.676078,-0.43127087,0.16371189
1757571567790,2.6623523,-9.864111,-0.5267244,11.676078,-0.43127087,0.16371189
1757571567791,2.6623523,-9.864111,-0.5267244,13.502565,-0.51923543,-0.10995574
1757571567809,2.8514943,-8.178593,0.5602432,13.502565,-0.51923543,-0.10995574
1757571567811,2.8514943,-8.178593,0.5602432,15.077376,-0.58032197,-0.41783184
1757571567830,3.4955344,-4.271256,-0.23702596,15.077376,-0.58032197,-0.41783184
1757571567831,3.4955344,-4.271256,-0.23702596,16.241686,-0.79290307,-0.7086037
1757571567851,4.654328,1.6448165,-1.5155296,16.241686,-0.79290307,-0.7086037
1757571567852,4.654328,1.6448165,-1.5155296,16.595987,-0.56688297,-0.7965683
1757571567871,3.8714242,11.5616,0.44771573,16.595987,-0.56688297,-0.7965683
1757571567872,3.8714242,11.5616,0.44771573,14.884342,0.15027285,-0.48624873
1757571567890,3.8953662,16.761806,8.329428,14.884342,0.15027285,-0.48624873
1757571567892,3.8953662,16.761806,8.329428,11.595444,0.32620203,-0.6169739
1757571567910,3.6272156,13.893553,13.572729,11.595444,0.32620203,-0.6169739
1757571567911,3.6272156,13.893553,13.572729,5.539326,0.5314528,-0.4447099
1757571567931,2.3127987,3.3997664,12.0332575,5.539326,0.5314528,-0.4447099
1757571567932,2.3127987,3.3997664,12.0332575,-1.8912388,0.344528,0.1160644
1757571567951,2.6408045,-0.7086837,9.655815,-1.8912388,0.344528,0.1160644
1757571567952,2.6408045,-0.7086837,9.655815,-2.8637362,0.13805555,0.030543262
1757571567970,3.193865,0.16519992,9.119514,-2.8637362,0.13805555,0.030543262
1757571567971,3.193865,0.16519992,9.119514,-1.6762142,0.14294247,-0.034208454
1757571567990,3.5051112,3.0095115,8.992621,-1.6762142,0.14294247,-0.034208454
1757571567992,3.5051112,3.0095115,8.992621,0.02076942,0.07696902,0.06841691
1757571568008,3.3255463,4.4723687,8.808268,0.02076942,0.07696902,0.06841691
1757571568010,3.3255463,4.4723687,8.808268,0.58276546,0.05375614,0.15760323
1757571568029,3.1172507,4.429273,8.722076,0.58276546,0.05375614,0.15760323
1757571568030,3.1172507,4.429273,8.722076,0.3213151,0.040317107,0.0061086523
1757571568050,3.2824504,5.0302176,9.94312,0.3213151,0.040317107,0.0061086523
1757571568052,3.2824504,5.0302176,9.94312,-0.23335053,0.10262536,-0.008552114
1757571568069,3.1387985,5.3701944,10.247183,-0.23335053,0.10262536,-0.008552114
1757571568070,3.1387985,5.3701944,10.247183,-1.958434,0.20525073,0.09162979
1757571568090,3.371036,5.422867,10.014946,-1.958434,0.20525073,0.09162979
1757571568092,3.371036,5.422867,10.014946,-4.211305,0.10140363,0.15271631
1757571568110,3.0669725,2.8491,9.555259,-4.211305,0.10140363,0.15271631
1757571568112,3.0669725,2.8491,9.555259,-6.880786,0.04642576,0.36651915
1757571568131,2.8203697,0.9504981,8.968679,-6.880786,0.04642576,0.36651915
1757571568132,2.8203697,0.9504981,8.968679,-8.317541,0.14538592,0.2773328
1757571568151,2.9472623,-1.2066777,7.8529816,-8.317541,0.14538592,0.2773328
1757571568152,2.9472623,-1.2066777,7.8529816,-9.46719,0.20647246,0.20891592
1757571568171,3.0693667,-2.3511062,6.399701,-9.46719,0.20647246,0.20891592
1757571568172,3.0693667,-2.3511062,6.399701,-10.390818,0.25289822,0.28099802
1757571568190,2.896984,-3.2106245,5.896919,-10.390818,0.25289822,0.28099802
1757571568192,2.896984,-3.2106245,5.896919,-11.263133,0.3323107,0.3005457
1757571568210,2.7461493,-3.715801,3.4093432,-11.263133,0.3323107,0.3005457
1757571568212,2.7461493,-3.715801,3.4093432,-12.682784,0.41783184,0.14049901
1757571568231,2.5474305,-6.3566055,-0.51475334,-12.682784,0.41783184,0.14049901
1757571568232,2.5474305,-6.3566055,-0.51475334,-13.159259,0.42271876,0.09896017
1757571568250,2.8107927,-9.974244,-2.743755,-13.159259,0.42271876,0.09896017
1757571568252,2.8107927,-9.974244,-2.743755,-12.54595,0.26511553,-0.16493362
1757571568270,3.0214825,-11.798626,-4.027047,-12.54595,0.26511553,-0.16493362
1757571568271,3.0214825,-11.798626,-4.027047,-10.792768,0.3726278,-0.3115413
1757571568290,2.3558946,-10.900801,-3.5553896,-10.792768,0.3726278,-0.3115413
1757571568292,2.3558946,-10.900801,-3.5553896,-6.041457,0.07696902,-0.28710666
1757571568311,1.9512744,-9.279925,-4.098873,-6.041457,0.07696902,-0.28710666
1757571568312,1.9512744,-9.279925,-4.098873,-3.2217033,-0.059864793,-0.19303341
1757571568331,2.3989902,-9.255983,-4.10845,-3.2217033,-0.059864793,-0.19303341
1757571568332,2.3989902,-9.255983,-4.10845,-0.53023106,-0.25778514,-0.05497787
1757571568351,2.9759927,-9.502586,-2.9041667,-0.53023106,-0.25778514,-0.05497787
1757571568352,2.9759927,-9.502586,-2.9041667,1.4037683,-0.3726278,0.0720821
1757571568370,3.1794999,-9.002198,-2.3463178,1.4037683,-0.3726278,0.0720821
1757571568371,3.1794999,-9.002198,-2.3463178,2.1844542,-0.42638394,0.0720821
1757571568391,3.1196449,-8.827422,-1.9680338,2.1844542,-0.42638394,0.0720821
1757571568392,3.1196449,-8.827422,-1.9680338,2.0060816,-0.37995818,0.047647487
1757571568411,2.8395233,-9.040505,-2.695871,2.0060816,-0.37995818,0.047647487
1757571568412,2.8395233,-9.040505,-2.695871,1.269378,-0.28588495,0.043982297
1757571568431,2.5474305,-10.828975,-3.751714,1.269378,-0.28588495,0.043982297
1757571568432,2.5474305,-10.828975,-3.751714,1.3255776,-0.23579398,0.12705997
1757571568452,2.6527755,-11.7387705,-3.1794999,1.3255776,-0.23579398,0.12705997
1757571568453,2.6527755,-11.7387705,-3.1794999,3.467271,-0.16737708,0.21868975
1757571568471,2.243367,-12.0093155,-2.1811178,3.467271,-0.16737708,0.21868975
1757571568473,2.243367,-12.0093155,-2.1811178,6.2076125,-0.10629055,0.25411993
1757571568491,1.7741034,-11.508927,-1.0893618,6.2076125,-0.10629055,0.25411993
1757571568492,1.7741034,-11.508927,-1.0893618,9.484294,-0.17104226,0.2761111
1757571568512,1.7932571,-10.096349,-0.7015011,9.484294,-0.17104226,0.2761111
1757571568513,1.7932571,-10.096349,-0.7015011,12.548394,-0.48624873,-0.009773844
1757571568531,2.6144683,-7.204153,0.78769237,12.548394,-0.48624873,-0.009773844
1757571568532,2.6144683,-7.204153,0.78769237,14.747509,-0.82344633,-0.49968776
1757571568551,3.205836,-2.4851813,2.906561,14.747509,-0.82344633,-0.49968776
1757571568552,3.205836,-2.4851813,2.906561,15.75788,-0.88453287,-0.6927212
1757571568571,4.343082,1.7070658,3.5218706,15.75788,-0.88453287,-0.6927212
1757571568572,4.343082,1.7070658,3.5218706,15.925257,-0.7892379,-0.63285637
1757571568592,4.582502,5.3582234,4.5418005,15.925257,-0.7892379,-0.63285637
1757571568593,4.582502,5.3582234,4.5418005,14.875791,-0.3359759,-0.5204572
1757571568610,3.9600096,8.456321,8.008605,14.875791,-0.3359759,-0.5204572
1757571568611,3.9600096,8.456321,8.008605,12.317487,-0.18936823,-0.42149702
1757571568630,3.1771057,10.386047,10.642226,12.317487,-0.18936823,-0.42149702
1757571568631,3.1771057,10.386047,10.642226,5.375614,-0.07819075,-0.5571091
1757571568652,2.3774424,7.809886,10.773908,5.375614,-0.07819075,-0.5571091
1757571568653,2.3774424,7.809886,10.773908,0.74036866,0.10140363,0.08552113
1757571568671,2.779668,3.7205894,10.481815,0.74036866,0.10140363,0.08552113
1757571568672,2.779668,3.7205894,10.481815,-2.0073032,0.05131268,0.19058995
1757571568691,3.2202013,1.8674773,9.557653,-2.0073032,0.05131268,0.19058995
1757571568692,3.2202013,1.8674773,9.557653,-2.7232373,0.034208454,-0.07696902
1757571568709,3.2369606,2.2840683,8.616732,-2.7232373,0.034208454,-0.07696902
1757571568710,3.2369606,2.2840683,8.616732,-1.8044959,-0.030543262,-0.059864793
1757571568731,3.41892,3.3542767,7.843405,-1.8044959,-0.030543262,-0.059864793
1757571568732,3.41892,3.3542767,7.843405,-0.6597345,-0.103847094,0.010995574
1757571568749,3.1723173,4.086902,8.738836,-0.6597345,-0.103847094,0.010995574
1757571568751,3.1723173,4.086902,8.738836,-0.344528,-0.014660766,-0.0036651916
1757571568772,3.1148565,4.501099,10.163386,-0.344528,-0.014660766,-0.0036651916
1757571568773,3.1148565,4.501099,10.163386,-1.7263051,0.172264,-0.118507855
1757571568791,3.7253778,6.019023,10.299856,-1.7263051,0.172264,-0.118507855
1757571568792,3.7253778,6.019023,10.299856,-4.515516,0.19303341,-0.19058995
1757571568810,3.7349546,4.7644615,10.414778,-4.515516,0.19303341,-0.19058995
1757571568811,3.7349546,4.7644615,10.414778,-8.748812,0.16737708,0.18081611
1757571568831,3.0358477,2.1140802,7.690176,-8.748812,0.16737708,0.18081611
1757571568833,3.0358477,2.1140802,7.690176,-11.852008,0.22113322,0.10262536
1757571568851,3.2489316,-0.36391866,3.2561142,-11.852008,0.22113322,0.10262536
1757571568852,3.2489316,-0.36391866,3.2561142,-14.209948,0.15271631,-0.09040806
1757571568871,3.3901896,-4.2999864,1.1683705,-14.209948,0.15271631,-0.09040806
1757571568873,3.3901896,-4.2999864,1.1683705,-14.962533,0.20891592,0.02321288
1757571568891,3.2968156,-5.9519854,0.045489833,-14.962533,0.20891592,0.02321288
1757571568893,3.2968156,-5.9519854,0.045489833,-16.03277,0.5766568,0.0036651916
1757571568910,3.9097314,-8.750807,-2.942474,-16.03277,0.5766568,0.0036651916
1757571568912,3.9097314,-8.750807,-2.942474,-15.785979,0.535118,-0.40317106
1757571568930,2.801216,-12.318168,-4.661511,-15.785979,0.535118,-0.40317106
1757571568932,2.801216,-12.318168,-4.661511,-12.936904,0.7147123,-0.26633725
1757571568950,2.3391352,-13.136985,-3.7493198,-12.936904,0.7147123,-0.26633725
1757571568951,2.3391352,-13.136985,-3.7493198,-9.374338,0.4813618,-0.21013765
1757571568969,2.4061728,-10.716447,-3.8355112,-9.374338,0.4813618,-0.21013765
1757571568971,2.4061728,-10.716447,-3.8355112,-6.137974,0.2687807,-0.33964106
1757571568990,2.303222,-9.0237465,-4.3766007,-6.137974,0.2687807,-0.33964106
1757571568991,2.303222,-9.0237465,-4.3766007,-1.2938126,-0.09285152,-0.24556783
1757571569010,1.8890251,-9.85214,-4.283227,-1.2938126,-0.09285152,-0.24556783
1757571569011,1.8890251,-9.85214,-4.283227,1.5809193,-0.24801129,0.02076942
1757571569031,2.6527755,-10.350134,-4.608838,1.5809193,-0.24801129,0.02076942
1757571569032,2.6527755,-10.350134,-4.608838,4.4996333,-0.5510005,0.20280726
1757571569051,3.2800562,-10.333375,-3.3135753,4.4996333,-0.5510005,0.20280726
1757571569052,3.2800562,-10.333375,-3.3135753,7.286401,-0.70616025,0.3005457
1757571569072,3.0597897,-9.837775,-1.3742718,7.286401,-0.70616025,0.3005457
1757571569073,3.0597897,-9.837775,-1.3742718,9.479407,-0.6059783,0.3811799
1757571569090,2.6671407,-9.794679,0.031124622,9.479407,-0.6059783,0.3811799
1757571569091,2.6671407,-9.794679,0.031124622,11.194716,-0.5338962,0.3567453
1757571569110,2.6862943,-9.619903,1.2904748,11.194716,-0.5338962,0.3567453
1757571569111,2.6862943,-9.619903,1.2904748,12.399343,-0.5815437,0.18081611
1757571569130,3.2800562,-8.286332,3.2944214,12.399343,-0.5815437,0.18081611
1757571569131,3.2800562,-8.286332,3.2944214,13.050525,-0.55833083,0.009773844
1757571569150,3.608062,-3.514688,4.3023806,13.050525,-0.55833083,0.009773844
1757571569151,3.608062,-3.514688,4.3023806,13.492791,-0.49357912,-0.17592919
1757571569169,4.3598413,-0.44532153,4.1515455,13.492791,-0.49357912,-0.17592919
1757571569170,4.3598413,-0.44532153,4.1515455,13.641843,-0.54733527,-0.45570546
1757571569189,4.2161894,3.7660792,4.3047748,13.641843,-0.54733527,-0.45570546
1757571569190,4.2161894,3.7660792,4.3047748,12.95523,0.0012217305,-0.39828414
1757571569209,4.048595,7.809886,7.7213006,12.95523,0.0012217305,-0.39828414
1757571569210,4.048595,7.809886,7.7213006,11.022452,0.10751228,-0.31642818
1757571569231,3.2968156,8.793902,9.809045,11.022452,0.10751228,-0.31642818
1757571569232,3.2968156,8.793902,9.809045,7.2302012,0.453262,-0.18936823
1757571569251,2.5474305,9.569624,9.40203,7.2302012,0.453262,-0.18936823
1757571569253,2.5474305,9.569624,9.40203,1.9511036,0.57910025,-0.07696902
1757571569271,2.6408045,7.1347213,8.889671,1.9511036,0.57910025,-0.07696902
1757571569273,2.6408045,7.1347213,8.889671,-1.5858061,0.47158796,0.1881465
1757571569291,2.5905263,2.7820623,9.157822,-1.5858061,0.47158796,0.1881465
1757571569292,2.5905263,2.7820623,9.157822,-2.928488,0.45937067,0.42149702
1757571569309,2.1739352,-0.34715924,8.942344,-2.928488,0.45937067,0.42149702
1757571569311,2.1739352,-0.34715924,8.942344,-2.5130997,0.4166101,0.25534168
1757571569329,2.2960393,-0.06703765,9.038112,-2.5130997,0.4166101,0.25534168
1757571569330,2.2960393,-0.06703765,9.038112,0.10140363,0.4642576,0.02321288
1757571569349,2.5330653,2.5953147,9.428367,0.10140363,0.4642576,0.02321288
1757571569350,2.5330653,2.5953147,9.428367,1.2034045,0.44226643,0.12339478
1757571569368,2.5713725,4.1635165,10.127473,1.2034045,0.44226643,0.12339478
1757571569369,2.5713725,4.1635165,10.127473,1.1166617,0.3726278,0.12950343
1757571569389,2.6719291,3.9097314,10.366894,1.1166617,0.3726278,0.12950343
1757571569391,2.6719291,3.9097314,10.366894,0.44226643,0.267559,0.08674286
1757571569409,2.5354595,2.8299465,9.615114,0.44226643,0.267559,0.08674286
1757571569411,2.5354595,2.8299465,9.615114,-0.07696902,0.1685988,0.095294975
1757571569430,2.5115175,2.4468741,9.244013,-0.07696902,0.1685988,0.095294975
1757571569432,2.5115175,2.4468741,9.244013,0.029321533,0.13194689,0.10262536
1757571569451,2.4157495,3.301604,9.174581,0.029321533,0.13194689,0.10262536
1757571569452,2.4157495,3.301604,9.174581,0.35430184,0.1441642,0.12583824
1757571569470,2.3702598,3.3997664,9.452309,0.35430184,0.1441642,0.12583824
1757571569471,2.3702598,3.3997664,9.452309,0.44959682,0.1160644,0.10751228
1757571569491,2.2242134,3.071761,9.459491,0.44959682,0.1160644,0.10751228
1757571569492,2.2242134,3.071761,9.459491,0.17837265,0.052534413,0.05131268
1757571569511,2.2888567,2.9879637,9.55047,0.17837265,0.052534413,0.05131268
1757571569512,2.2888567,2.9879637,9.55047,0.02443461,0.015882496,0.058643065
1757571569531,2.360683,2.96881,9.174581,0.02443461,0.015882496,0.058643065
1757571569532,2.360683,2.96881,9.174581,-0.0036651916,-0.02321288,0.06841691
1757571569551,2.360683,2.9831753,9.153033,-0.0036651916,-0.02321288,0.06841691
1757571569552,2.360683,2.9831753,9.153033,0.24556783,-0.036651913,0.052534413
1757571569570,2.4756045,3.4213142,9.054871,0.24556783,-0.036651913,0.052534413
1757571569572,2.4756045,3.4213142,9.054871,0.3359759,-0.043982297,0.009773844
1757571569591,2.6719291,3.7780502,9.030929,0.3359759,-0.043982297,0.009773844
1757571569593,2.6719291,3.7780502,9.030929,0.2125811,-0.064751714,-0.009773844
1757571569611,2.7461493,3.5865142,9.090784,0.2125811,-0.064751714,-0.009773844
1757571569612,2.7461493,3.5865142,9.090784,-0.015882496,-0.07452556,0.004886922
1757571569631,2.6479871,3.2680852,8.978256,-0.015882496,-0.07452556,0.004886922
1757571569632,2.6479871,3.2680852,8.978256,-0.1441642,-0.087964594,0.008552114
1757571569651,2.6144683,3.145981,8.851364,-0.1441642,-0.087964594,0.008552114
1757571569652,2.6144683,3.145981,8.851364,-0.029321533,-0.09285152,-0.0061086523
1757571569672,2.6288335,3.4524388,8.978256,-0.029321533,-0.09285152,-0.0061086523
1757571569673,2.6288335,3.4524388,8.978256,0.118507855,-0.08307768,-0.004886922
1757571569691,2.6192567,3.727772,8.880095,0.118507855,-0.08307768,-0.004886922
1757571569693,2.6192567,3.727772,8.880095,0.04153884,-0.09285152,0.0
1757571569711,2.5354595,3.5218706,8.9040365,0.04153884,-0.09285152,0.0
1757571569712,2.5354595,3.5218706,8.9040365,-0.039095376,-0.089186326,0.012217305
1757571569731,2.5929205,3.1651347,8.889671,-0.039095376,-0.089186326,0.012217305
1757571569732,2.5929205,3.1651347,8.889671,-0.07574729,-0.08307768,-0.0012217305
1757571569750,2.657564,3.1004913,8.7771435,-0.07574729,-0.08307768,-0.0012217305
1757571569752,2.657564,3.1004913,8.7771435,-0.009773844,-0.07574729,-0.007330383
1757571569771,2.6647465,3.3303347,8.801085,-0.009773844,-0.07574729,-0.007330383
1757571569773,2.6647465,3.3303347,8.801085,0.073303826,-0.065973446,-0.0036651916
1757571569792,0.7015011,4.8458643,-1.910573,0.073303826,-0.065973446,-0.0036651916
1757571569793,0.7015011,4.8458643,-1.910573,0.089186326,-0.052534413,0.009773844
1757571569808,3.4931402,2.099715,8.465898,0.089186326,-0.052534413,0.009773844
1757571569809,3.4931402,2.099715,8.465898,1.1337659,-0.20769419,-0.04153884
1757571569828,3.2920272,4.4699745,8.841787,1.1337659,-0.20769419,-0.04153884
1757571569828,3.2920272,4.4699745,8.841787,0.04642576,0.014660766,-0.06352998
1757571569848,2.791639,4.3742065,9.457097,0.04642576,0.014660766,-0.06352998
1757571569848,2.791639,4.3742065,9.457097,-0.27000242,0.17592919,0.1160644
1757571569867,1.8674773,3.5122938,8.810662,-0.27000242,0.17592919,0.1160644
1757571569868,1.8674773,3.5122938,8.810662,-0.6072,0.08674286,0.057421334
1757571569888,2.6599581,2.669535,8.7532015,-0.6072,0.08674286,0.057421334
1757571569888,2.6599581,2.669535,8.7532015,-0.4092797,-0.080634214,-0.002443461
